label,message
ham,ya anlatayım size isterseniz dayı hayırdır ne oldu dedim?diler hanım
ham,Canım ya kantine gelebilir misin
spam,VakifBank Worldcard 15 Mart - 30 Nisan arasi Petrol Ofisinden 4 adet 100TL ve uzeri alisverise. 1-10 Mayis arasi Petrol Ofisinde 40TL indirim kazandiriyor!
spam,ODEON TOURS'da CardFinans ile %35'e varan indirim  + 12 taksit veya 500TL uzeri harcamalarda 8 taksit + simdi al. haziranda ode. Son gun 4 Nisan. 212 4440684
ham,Labtayım
ham,eylem nerde olack?
ham,tamam orda buluşuruz
spam,Ayin yarisi etiketin yarisi. Pirlanta etiketli urunlerde %50 indirim. MOTHERCARE. EARLY LEARNING CENTRE. GUESS. LAURA ASHLEY. CHARLES&KEITH Tel:02166517380
ham,Adamim su an net degil ama yok gibi duruyorsun suanda
spam,444cicek.com da Avealilara tum urunlerde %20 indirim. CICEK yaz. 5060a gonder. sifren cebine gelsin. avea.com.tr/avantajavea
ham,Bayram tatilinde nereye gidiyorsunuz?
ham,Kantindeyim
ham,dogum günün kutlu olsun canim arkadasim
spam,CardFinans ile Bimeks'te pesin fiyatina 12 taksit ve 3 ay erteleme firsatini kacirmayin.
spam,Tebrikler! Çekilişimizde büyük ödül sizin. Detaylar: odul-kazan.xyz/talep
spam,Ayda 29TLye AveaKamulularla SINIRSIZ. Avealilarla 3000dk. heryone 300dk konusabileceginiz KAMU300 PLUS Tarifesine gecmek icin 300PLUS yazip 2010a gonderin.
ham,sinemaya gitmıcekmıyız
spam,VakifBank Worldcard inizla 30 Nisan a kadar 100 TL ve uzeri giyim. kozmetik ve aksesuar alisverislerinizde +3 taksit veya 2 ay erteleme firsati!
spam,SATIS VE PAZARLAMAYI EN iYiLERDEN OGRENME FIRSATINI 19 NiSAN'DA BONUS AKADEMiSi iLE YAKALAYIN. CV'NiZ EN iYi FiRMALARA ULASSIN. 212 286 00 46 - BONUS.COM.TR
ham,Dostm ne demek .d yoladm simdi
spam,Sadece Bank Asya musterilerine ozel %23 e varan indirimlerle Asya Termal Tatil Koyu devremulk firsatlari sizleri bekliyor. Ayrintili bilgi subelerimizde.
spam,CardFinans'la giyim.aksesuar.kozmetik.optikte 20 Hazirana kadar farkli gunlerde yapacaginiz 3'uncu 100TL ve uzeri alisverise 30TL ParaPuan!www.cardfinans.com.tr
ham,bilgisayari getir
spam,www.esbul.net sicak arkadasliklarin yeni adresi. Tiklayin arkadassiz kalmayin yada telefondan UYE yazin 4590 a gonderin. Gunluk limitsiz 0.6 TL TELEMEDYA
spam,Size ozel 30TL ilave MaxiPuan kazanma firsati! 1-31 Mart arasi Maximum Kart'inizla toplam 1500TL alisveris yapin.kazanin.Ayrintili bilgi ve ek kosullar:4440202
spam,1-30 Nisan arasi Maximum Kart'inizla toplam 1.000TL aliveris yapin.PUAN yazip kartinizin son 6 hanesi ile 4402ye gonderin.40TL ekstra MaxiPuan kazanin.4440202
spam,Siz Turkcell Kamululara ozel!2ay boyunca Heryone ucretsiz 1000smsnizden hemen yararlanmak icin BEDAVA SMS yazip 2222ye gonderin
ham,Son 4 hanesi 5403 olan Finansbank Kredi Kartinizin Toplam Borcu: 278.64 TL Asgari Borcu: 56.00 TL Son Odeme Tarihi: 30/05/2011. Finansbank
ham,Damla napion??? ya çarşıda işim varda bi yarım saat evdeysen laptopu sana bırakayım dedim
spam,Arayip ulasamadigin *5345937199 numarasina hemen tikla sadece 1TLye sesli mesaj birak!11 Nisana dek 1 sesli mesaj birak.300 UC RETSIZ sesli mesaj hakki kazan!
spam,Adalet Bakanligi. mahkeme kararlari ve diger adli islemleriniz SMSle cebinizde! TCKimlikNo bosluk ABONE yaz 4060a gonder. UYAP SMSe uye ol. Gelen her mesaj 1TL
spam,VakifBank Worldcard ile Carrefour da 20TL Worldpuan! 30 Haziran a kadar Carrefour da yapacaginiz toplam 200TL alisverisinize 20TL Worldpuan hediye!vakifkart.com
spam,Sevgililer Gunu alisverisiniz DAMAT-TWEEN-ADV'de kis urunlerinde %50+%20 indirim. CardFinans'a ozel 7 taksit ve %10 ParaPuan firsatiyla! Son gun 14 Subat!
ham,ders calışmak mı nerdeee:)
ham,VakifBank internet ve telefon bankaciliginda dijital sertifika yukleme. telefon marka - modeli ve kart bilgileri hicbir sekilde istenmemektedir.4440724
spam,PTT: Paketiniz bekliyor 2 TL öde: ptt-xyz.net
spam,Degerli Kamu musterimiz.efsane KAMU1200 dondu! Bu paketle herYone 1200dk konusup ayda sadece 40TL odeyeceksiniz.KAMU 1200 yazip 222ye gonderin hemen yararlanin
spam,gnctrkcll'li. 222 Park One Night Club'da 1 adet icki dahil giris biletin 15 TL yerine 7.5 TL! Hemen GNCTEKLIF.COM'a gir. satin al! Firsati kacirma
ham,Hayir cnm bi film daha izledm harikydi.sen napyn?
spam,Money Club'in 1.yasinda bedava sinema! 6 Nisan'da Espark Cinebonusda kartini gosterene son seans 2 kisilik sinema bileti hediye.Detay www.moneyclubkart.com
ham,Dersteyim abi. Hayırdır.
spam,Canakkale Atasay'da Anneler Günü'ne özel 500 TL ve üstü 14 ayar altin ve pirlantali ürün alisverislerinizde 'Incili Set' hediye! Detaylar 0 286 213 20 97'de.
spam,Avea nin firsatlarindan haberdar misiniz? Size uygun teklifi kacirmamak icin bizi.gonderdigimiz SMS lerden. epostalardan ve online islem merkezinden takip edin!
ham,Bende hiç anlamadım ya :S
spam,"SADECE 17-18-19 MART TARIHLERINDE ""ESKISEHIR SAGLIK GUNLERI"" TUM VICHY URUNLERI % 40 INDIRIMLI.AKSOY ECZANESI TEL:2312840"
ham,ben kodu yazdım atarım netten
spam,"1000TL Yeni Uyelge Cevrmsz Nakt
HerGun %100-2000TL Yatirim Bonusu Sansi
1000TL CANLI CASNO HEDYESI
Kod: STB1000TL
Hemen Tikla!
STB https://cutt.ly/nrqvJqyU"
spam,VAKIFBANKTAN ANNELER GUNUNE OZEL UYGUN FAIZ ORANI VE 11 AY VADE SECENEGIYLE 5.000.-TL TAKSITLI IHTIYAC KREDISI. DETAYLI BILGI ICIN www.vakifbank.com.tr
spam,CardFinans'tan tek telefonla Aninda Kredi! Formalitesiz. kefilsiz 1000 TL kredi alin. 70 TL taksitle. 18 ayda kolayca odeyin. Bilgi icin 4440900'u arayin.
spam,Ucretsiz havale ve EFT islemi Cep Subesi'nde! Internet Subesi sifre ve parolanizla hemen giris yapmak icin wap.garanti.com.tr'yi ziyaret edin.
ham,hayırlı akşamlar ne yapıyıyorsunuz ablalarım.  nasılsınız?  yiğenim ne yapıyor? okula devam etsin düzenli kereta:=)
ham,Çocuklar sağlıklı merak etme.
spam,Vodafone'dan 1.000 dakika HEDIYE! 3G yazip 3636'ya ucretsiz gonderin. Vodafone'lularla 1 gun boyunca doyasiya konusun. 3G'ye abone olan kazaniyor!
ham,İnşallah bebeğim sen mutlu ol :)
spam,Kurulus yilimiza ozel EKOL indirim gunleri bugun basladi. Oncelikli olmak icin acele edin. Keyifli alisverisler. www.ekolonline.com 03124738644
ham,odevi ne yaptin dayi
ham,Komşunun arabası bizimkine çarpmış sigorta işlemi lazım.
ham,radara yakalanmışsın baban söyledi cezayı eve yollamışlar parayı versin diyo :D
ham,SN ALPER KURSAT UYSAL. 03/04/2011 14:15:45 TARIHINDE TOURISTICA ADLI ISYERINDE 1.452.00 TL TUTARINDA VAKIFBANK WORLD KARTINIZLA HARCAMA YAPTINIZ.444 07 24
spam,Bankanızdan SWIFT transferi onayı bekliyor. Onaylamak: hizliswift.com
ham,iyiyim.bende yeni geldim ama ders bitmiş :)
spam,Banka kartınız kopyalandı! Koruma icin simdi tiklayin: kart-koru.xyz
spam,Faturanizi otomatik odeme talimatiniz ile odeyin. hem onlarca Samsung LCD TV. iPad ve iPhonedan birini kazanma sansini yakalayin hem de otomatik odediginiz her fatura icin 1 ay boyunca aksam 9dan sabah 9a Turkcelllilerle BEDAVA mesajlasin!
ham,beni bir daha arama
spam,Yeni Apple MacBook Pro kazanma sansi Internet Subesi'nde! Bugun Internet Subesi'ne girin bu firsati kacirmayin.
ham,Ben de pek baska bisey bulamadim malesef. Kolay gelsin
ham,cnm ya üzerimde bi kırgınlık var hasta olcam gibi çıkmayayım şimdi havada yağmrlu bi dahakine gelrm artık slm söyle arkadaşlara
spam,DAHA FAZLA AVANTAJ! Cepten sabit hatlari aramak cok ucuz. Evden yurtici ev/is nolarini 400dk aramak sadece 7.5 TL. Evdeyken bu mesaji EVDEYIM yazip cevaplayin.
spam,gnctrkcll'li.MAVI'de 125 TL ve uzeri alisveriste %20 INDIRIM. Yeni sezon urunlerinde gecerli sana ozel bu firsati kacirma!Sen sectin. gnctrkcll yapti! gnctrkcll.com
ham,ben su an yoldayim
spam,TATLI GELECEK GUNLERI DUZENLIYORUZ. GUNE OZEL BIREYSEL EMKLILIK FIRSATLARINDAN FAYDALANMANIZ ICIN SIZI SUBEMIZE BEKLIYORUZ.
ham,birader naaptın yaa gittin ta oralara unuttun bizi haber icar yok öyle olsun bakalım
spam,Ücretsiz iPhone kazanma şansı! Sadece şimdi: ucretsiz-iphone.net/kazan
spam,Yeni BlackBerry BOLD 9780 simdi Aveada! Ayda sadece 70 TL odeyerek sinirsiz internet servisi ile BlackBerry Bold 9780e sahip olun. Bilgi icin www.avea.com.tr
spam,500 TL Degerinde Freespin Kazandin! Rain Of Freespin Yatirim Bonusu Basladi 50 TL Betten 100 FS! Global SITE https://t2m.io/PlayicoGir
spam,31.12.2010 tarihine kadar isbank.com.tr. 444 02 02 veya Is Bankasi Subelerinden yurtdisina doviz havalesi gonderene 20 TL MaxiPuan hediye! Bilgi: isbank.com.tr
spam,gnctrkcllli. Bonnyfood'dan lezzetli cicekler firsati. Tum urunlerde gecerli 25 TLlik hediye ceki 1 TL! BONNY yaz 8073'e gonder. SMS ucreti 50 krs. GNCTEKLIF.COM
spam,Sizi arayan Turkcell numaralarinin kime ait oldugunu sadece 90 Kurusa ogrenmek icin numarayi yazip 2222ye gonderin. Ornek: 5XXXXXXXXX
spam,"Geceye ozel  %25 Kayip Bonusu Aktif Pronet Guvencesi , Yuksek RTP 11. YIL ! Detaylar https://t2m.io/GoraGuncelGiris"
ham,cabuk gel kahvalti yapalim
ham,Yum gunaydin okula kacta gidelim
ham,spordan cknca haber weririm sana arkadasımın dogum gunu war braz yanlarna gecicem cok az orhan war ya ona ugrucam
spam,Etiketin Yarisi Indirimi Baslamadan Once. Urunlerimizi Oncelikli Satin Almak Icin. Siz Ozel Musterilerimizi Bugun ve Yarin Magazalarimiza Bekliyoruz.
ham,oldu tamam bu sefer
ham,selam. ya kusura bakma :( kuzenime göndereceğim smsi sana göndermişim. onun adı ile seninki aynı da karıştırmışım. gerçekten özür dilerim..
ham,GençTarifeli! sadece 10 tl ye 30 gün boyunca her yöne mesajlaşacağın tam 5000 sms icin bu mesajı EVET yazıp cevapla.fırsatı kaçırma!
ham,aksama isim var size gelemem :(
spam,Hesabınız doğrulanmadı. 48 saat içinde: hesap-onayla.com
spam,Sabi Ozel magazalarinda tum sezon urunlerinde %40.kirmizi etiketli urunlerde %50 indirim avantaji sizleri bekliyor.
ham,esparkda bulusuruz
spam,Motorlu Tasitlar Verginizi ATM lerimizden WebSubem den ve 444 0 724 AloSubem den odeyebilirsiniz. www.vakifbank.com.tr
ham,ben cıkıyorum evden
spam,Alisveris Festivali 18 Mart'ta basliyor!Giyim.aksesuar.kozmetik.optik.elektronik alisverislerinizde CardFinans'a ozel firsatlar yakinda cardfinans.com.tr'de!
ham,Ve aşk; O omzuna yattığında. rahatsız olmasın diye kılını bile kıpırdatmamaktır.
ham,zaten kimse beğenmiyor diye tam ödevi paylaşmadım =p
ham,heryöne 500 dadika kampanyasından kazandığınız 50 dakikanız yüklenmiştir. 16.06.2011 e kadar heryöne (özel servis. yutrdışı hariç) kullanabilirsiniz.
ham,Bu ne diyo memo?yarin anlat bana:)
spam,SMS 30 paketi ile her yone 30 SMS icin 12TL yerine sadece 3TL odeyin! Bu firsattan faydalanmak icin hemen SMS 30 yazin 222ye gonderin.
ham,Samet beni bi arar mısın
spam,Garanti BBVA: Şüpheli giris denemesi! Kartınızı korumak icin: garantibbva-guvenlik.xyz
spam,SGK'dan önemli bildirim: Sağlık sigortanız sona eriyor. TC no ve dogum tarihinizi gonderin.
spam,Genc Tarifeli! 100MB internet paketi sana ozel ayda sadece 3 TL! Hemen GENC INTERNET yazip 2222ye ucretsiz gonder. Turkcell hiziyla internetin keyfini yasa!
spam,Hesabınız bloke edildi. garanti-dogrula.xyz adresinden işlem yapın.
spam,Akbank: Olağandışı islem tespit edildi. Guvenliginiz icin kartınızı iptal etmek uzere tiklayin: akbank-guvenlik.com
ham,hic mesj fln atmıyosunn ..
ham,Anlaşma tamam sözleşmeyi yarın imzalıyoruz.
ham,Haftasonu napıyoruz
ham,Şimdi evdeyim kitap okuyom ben sana bitince kitabı getirrim.sen evde kac gibi olcan.
ham,canımn içi bu akşam müsait deilim.proje teslimim var..yrn akşam gelebilirsin ama..
spam,"1.000 TL Deneme Bonusu Kazandin
Ilk Yatirima Ozel 0 CEVRIM %100 1.000TL Nakit 
TR'de TEK OtoHAVALE Ile ALT LIMITI 250TL"""
ham,Guray sana facebooktan bir mesaj attım baksana uygun olduğunda cevap yazarsın
spam,100TL BONUS! 15 HAZiRANA KADAR 4440333'U ARAYIP 1-3-5 TUSLAYARAK FATURA TALiMATI VERiN.1 FATURAYA 15.2 FATURAYA 30.4 FATURAYA 50.6 FATURAYA 100TL BONUS KAZANIN.
spam,CEP-T PARACARD!HARCADIKCA BONUS. KONUSTUKCA DAKiKA KAZANDIRAN TEK KART.USTELiK iLK YUKLEMEDE 200 DK HEDiYE!TUM TURKCELL iLETiSiM MERKEZLERiNDE.PARACARD.COM.TR
ham,İstatistik sınavında en son hangi konu çıkıcak biliyormusun?
spam,Maximum Kart'tan kadinlara ozel 5 kat MaxiPuan firsati! 8 Mart Dunya Kadinlar Gununde tum alisverislerinizden 4 kat extra MaxiPuan kazanin.Bilgi:maximum.com.tr
ham,haji eve ekmek lazim mi ?
spam,gnctrkcll'li. Eurolingua'da 60 saatlik (1kur) Ingilizce ya da Almanca Egitimi 360 TL yerine sadece 99 TL! HEmen GNCTEKLIF.COM'a gir. satin al!
ham,Kanka Yarin piknik işi noldu ?
ham,Ben arabayi kapinin onune biraktim carsiya gidiyorum annelere soylersin.
ham,Yarın spor salonuna gidecek misin? Ben gideceğim.
ham,Danisman kodunuz 7458963 sifreniz:741987 yeni kayitlarimiza özel hosgeldiniz programina katilmak icin 21 gün icinde toplam 100  BP siparis vermeyi unutmayiniz(2)
ham,hic haberim yok benim
ham,ben mert bak bu da benim yeni numaram dayanamadim digernin de kont btmsti de aldm smdi acldi artk bundaym tamam mi. gorusuruz.
ham,Akşam yemeği için ne pişireyim?
spam,Internet paketi simdi %50 daha ucuz! 3 ay boyunca ayda sadece 5 TLye internete baglanmak icin 3 AY yazip 2222ye gonderin. internetin keyfini doya doya cikarin
spam,23 Subat'a kadar Is Bankasi'ndan TTNET faturaniz icin talimat verin. cekilis ile Golf marka araba. Paris seyahati ya da Nokia Booklet kazanin! 4440202
ham,**5992 nolu Kredi Karti Ekstre Borcunuz 1.401.67 TL Asgari Odeme Tutari 281.00 TL ve Son Odeme Tarihi 06.06.2011 dir.
ham,tamam canım yine haberleşiriz
spam,VAKIFBANKTAN ANNELER GUNUNE OZEL UYGUN FAIZ ORANI VE 11 AY VADE SECENEGIYLE 5000-TL TAKSITLI IHTIYAC KREDISI. DETAYLI BILGI ICIN www.vakifbank.com.tr
spam,Tebrikler 500 TL bonus kazandiniz hemen tiklayin
spam,Ayda SADECE 1TL ye 50 sarkiyi mp3 formatinda cep telefonuna veya www.gncplay.com dan bilgisayarina indirmek icin MUZIK yaz 2222 ye gonder. Bu firsati kacirma!
ham,samet benim maile baksana göndermişler mi bileti
ham,PÜSKEVİT Çılgınlığı Afrikaya da Sıçradı :)
ham,almanca.
spam,Numarasini Turkcell faturaliya tasiyana SADECE 29TLye heryone 600dk konusma ve 33 milyon Turkcelliyle haftada 2 Gun BEDAVA!Sizi Turkcell noktalarina bekliyoruz
ham,Sipariş kargoya verildi takip numarası: TR123456789
ham,abi işim var o saatte tam
ham,Cnm ya nerdesin bitmedi mi daha bi mesaj atsan merak ettim
ham,bugün 08:00-20:00 saatleri arasında vodafon yönünde limitsiz konuşma hattınıza yuklendi.cola turka&çamlıca portakalı şişelerinde hergün limitsiz konuşma var.
ham,Abi şimdi kargoya geldik. paketin ağırlığı fazlaymış. transkriptleri yollamıycaz cuma orda olurmuş belgeler
ham,Otobüse bindim
ham,Genç Tema günaydın. bugün ki fidan dikimini 1 saat erkene aldık saat 12 de tema evinde görüşmek üzere. Eğlenceli ve verimli bir etkinlik olması dileğiyle:)
ham,kacinci kat
spam,FIRSAT yazin 2222'e ucretsiz gonderin. hem gunluk 30 dk konusma kazanin hem de Turkcell CepteFirsat ile markalarin FIRSATLARINI ilk siz ogrenin!
ham,nerdesin
ham,Çıktık kanka geç döncem 1 saatte falan bitirmeye çalışcaz Sinemin apartında çalışcaz.
ham,Sayin musterimiz 08.06.2011 son odeme tarihli faturaniz 32.6TLdir.Detayli bilgi icin 7578888i ucretsiz arayiniz.Bir sonraki fatura kesim tarihi 25.06.2011dir
spam,TEB Banka Kartiniz konusturuyor! 22 Mart - 26 Nisan arasi TEB banka kartinizla toplamda en az 150TL harcama yapin.gunluk 75 dk konusma kazanin! Bilgi:teb.com.tr
ham,Saat 9 gibi olabilir.
spam,Turkiyenin VINN?i sadece Turkcellde!Ilk ve tek 3 ay sozlesmeli 3G modem VINN. 39TL on odeme ve 4GB internet ile tum vergiler dahil ayda sadece 39TL!
ham,ben yatiyorum simdi lakin korkuyorum üsücem dye
ham,Yurda kacta gitceksin.gel bi burger yapalim
ham,**5992 nolu Kredi Karti Ekstre Borcunuz 1.549.00 TL Asgari Odeme Tutari 310.00 TL ve Son Odeme Tarihi 07.03.2011 dir.
spam,KATLA YAZIP 1616'YA GONDERIN TL'NIZI KATLAYIN! 5TL'NIZ ILK KATILIMDA 50TL.2.DE 100TL.3.DE 150TL.4.DE 200TL OLSUN.1 HAFTA BOYUNCA TARIFENIZDEN SEBEKEICI KONUSUN
ham,Audi burda:)
ham,ins :) sabırsızlıkla bekliyorum.
ham,Tmm bn halltmye calsrm ogldn snra.bnkada sorun var snrm sbh ozgun de yapamams.grsz gokhan
spam,BOYNER magazasinda BOURJOIS markasinda 18-19-20 Mart tarihlerinde 3 AL 2 ODE kampanyasi baslamistir. Sizleri standimiza bekliyoruz. Bourjois uzmani Filiz Abay
spam,gnctrkcllli.sevilen sanatcilarin muzik marketlerde 15TL degerindeki albumleri gncplay.com da SADECE 2TL!Hem de MP3 formatinda!gncplay.com a gir firsati yakala
ham,seni geldim bulamadim
ham,Tamam kanka arabaylamı gelcen? Ona göre Emrula haber vercem.
ham,İnternet Programming ödevinin ilk sorusu harbiden çok zor ya:)
ham,Hadi ya tmm :S
ham,Arzs fslri hrccz hdi gl..
ham,Yaaa güvenlgi arayp 31nde yatirabliomuyz bi sorarmsn unuttm bn
ham,sn söle ona yanindysa..Bence bölesi daha hayirli oldu .Iyi gecelr sizede slm söle
spam,"HER GOL BONANZA'DA 50 FRESPIN KAZANDIRIYOR
Fenerbahce Kazanir: 2.35 ORAN
KG VAR: 2.11
Kaliteli Bahis icin Pusula'ya davetlisin
https://t2m.io/pusulaco"
spam,Kargo şirketinizden bilgi: Paketiniz teslim edilemedi. Adres guncellemesi icin: kargo-tr.net/guncelle
spam,Mudo da kisa gunun kari kampanyasi basladi! Secili hazirgiyim sezon urunlerinde gecerli %30 indirim  sizi bekliyor. Son gun 4 Nisan!
spam,VakifBank Worldcardla 1 Subat-14 Mart arasinda Shell de yapacaginiz 4 adet 100TL ve uzeri alisveris. 15-25 Mart arasi Shell de 40 TL indirim kazandiriyor!
spam,Maximum Kart'la 1-10 Subatta 1000TL alisveris yapin.12-13-14 Subatta kampanyali sektorlerde yapacaginiz alisverislerden %10MaxiPuan kazanin!Bilgi:maximum.com.tr
ham,Işin yoksa langırtlı kısma uğrar mısın
ham,calıstınmı barı sınavlara
ham,ulubey kutuphaneye gelecek misin
ham,4-5 arasi halisaya aldik gelcekmsn
ham,Canım iyiyim uyukluyodum işte sen napıyosun?
spam,Mudo da kisa gunun kari kampanyasi! Secili hazirgiyim sezon urunlerinde gecerli %30 indirim sizi bekliyor. Sadece1 Mart'a ozel bu firsati kacirmayin!
spam,Hesabiniz guvenlik nedeniyle askiya alindi giris yapin
ham,Yok abi sen gt.Ben yatm birz sabah erken caliscm.
spam,Faturali 15'lik Tarife ile ayda sadece 15 TL ye her one 150dk. her yone 150SMS! Ustelik tarifeye gelen herkesle konusmak da bedava. Avea bayilerine bekliyoruz.
spam,gnctrkcllliye SONY PSP 3004te cilgin fiyat basladi!sadece 349TL hem de yaninda 1 oyun hediye!bu firsati kacirip uzulme.sen sectin gnctrkcll yapti.gnctrkcll.com
spam,gnctrkcll'li. Acelya cicek evin'nden aski ve tutkuyu ifade eden 3 adet birinci sinif kirmizi gul 38 TL yerine 19 TL!HEmen GNCTEKLIF.COMA gir. satin al!
ham,Sifrenizi kimseyle paylasmayiniz
spam,Migros.Tansas.Sok.5M.Macro.da 90**871 kartinizla 31Marta kadar 300TL harca. 15MONEY kazan! Bu hedefi yap.Shell'de 100TL harca. 5TL YAKIT kazan.1 Money=1 TL
spam,Derimod'da tum ayakkabi ve cantalar etiketin yarisi fiyatlar ve CardFinans'a ozel 10 Taksit firsati ile sizleri bekliyor! Keyifli alisverisler!
ham,aksam ruyamda senigordum yanima gelıyordun demek ki cok ozledim seni.)
spam,Yarinin buyukleri. gelecegimizi emanet ettigimiz cocuklarimizin ve tum ulusumuzun 23 Nisan Ulusal Egemenlik ve Cocuk Bayramini kutlariz.
spam,1000TL'ye kadar BEDAVA Kredi Firsati! CardFinans'tan ucretsiz Otomatik Fatura Odeme talimati verin. kredi seceneklerimizden hemen yararlanin. Bilgi icin 4440900
spam,Istanbul Shopping Fest Divarese vitrinini oylamk icin SF6. ad soyad. cep telefonu ve adresinizi 7273'e atin. Bosphorus City'den ev kazanma sansi yakalayin!
ham,ben cektırcem notları alfe bırakırım
ham,Vakifbank WebSubem girisi icin tek kullanimlik sifreniz: 160038 . Sifreniz 3 dk gecerlidir. Tarih: 14.02.2011 Saat: 13:53
ham,lan neden cevap vermiyorsun mesajima
ham,eskişehir eğitim dernekleri verdi. arkadaşımın biri adımı yazmışti. beraber konferansa katıldık. ve aldık
spam,Boyner magazalarinda %70'e varan indirimleri kacirmayin! Ustelik CardFinans ile simdi alin. 6 taksitle 2 ay sonra odemeye baslayin! Son gun 28 Subat!
ham,Çocuk okula gitmek istemedi biraz zor sabah oldu.
ham,tamm baba ben eve gidiyorum. dönüşte annemi de alır gelirsin.
ham,Marketten ekmek alırken su da al lütfen.
spam,PTT Kargo: Paketiniz depoda bekliyor. 2 TL odeme yapılması gerekmektedir: ptt-kargo.xyz/odeme
ham,Guray bna gondrmssn:) yapma bi daha bole hatalar:p
spam,Mudo dan kacirilmayacak firsat ! Exclusive Cardinizla aldiginiz mobilyalarda kisa bir sure icin extra avantajlar sizi bekliyor.
spam,gnctrkcllli!Tamsil  Kuru Temizleme'de 3 alternatiften (3 Gomlek.2  Ceket veya 1Takim elbise) biri 8.10 TL.TAMSIL yaz 8073'e gonder.SMS ucreti 50krs. GNCTEKLIF.COM
spam,VICHY'DE %40 INDIRIM GUNLERINE DAVETLISINIZ.SADECE 18-19 MART TARIHLERINDE.AKSOY ECZANESI TEL:2312840
ham,Yeni telefon aldım numaramı kaydet.
spam,1-30 Nisan arasi Maximum Kart'inizla toplam 1000TL alisveris yapin. PUAN yazip kartinizin son 6 hanesi ile 4402ye gonderin.40TL ekstra MaxiPuan kazanin.4440202
ham,Evdeyim birazdan çıkarım.
ham,VakifBank WebSubem girisi icin tek kullanimlik sifreniz: 066407 . Sifreniz 3 dk gecerlidir. Tarih: 14.06.2011 Saat: 20:35
spam,Değerli müşterimiz kredi başvurunuz onaylandı! 50000 TL kredi icin: kredi-anlik.com/al
spam,VakifBank Worldcardla 31 Temmuz a  kadar Shell de yapacaginiz 4 adet 100TL ve uzeri alisveris size 1-10 Agustos arasi Shell de 40TL indirim kazandiriyor!
ham,Ahmet de gelecek mi?
spam,Giris adresimiz degisti guncel link profilde
spam,Siz Turkcell Kamu Tarifelilere ozel YASASIN KAMU. size ozel servisler ve indirim avantajlariyla geldi.KAMU yazip 222ye ucretsiz gonderin.YASASIN KAMUya uye olun
ham,zilde ne yaziyor
spam,KIGILI'DAN SON SANS! GOMLEK. PANTOLON VE TRIKO 39 TL. MONT-KABAN 99 TL. TAKIM ELB 179 TL! INANILMAZ FIYATLARA EKSTRA HER 250 TL'LIK ALISVERISE 50 TL HEDIYE CEKI!
spam,Turkcell Cep Anayasasi Madde 1:Mevcut tarifenizin detaylarini ogrenip.sizin ihtiyaclariniza gore belirledigimiz uygun teklifler icin 757222 yi ucretsiz arayin!
spam,Hayırlı günler! IBAN numaranızı gonderin 10000 TL yardım fonu transfer edilecektir.
ham,tamamdır.
spam,Paketiniz yolda! MNG Kargo 3.50 TL gümrük vergisi odemesi gerekiyor: mng-odeme.net
ham,kimseye soyleme yanliz sana soyledim
ham,Başkan biz geç kaldık kusura bakma çıktık yola görüşemedik hakkını helal et mersine gelirsen görüşürüz inşallah.
ham,Yarın tatil yürüyüşe çıkalım mı sabah?
ham,tatlım işim var o saatte tam
spam,Yeni Turkcell avantaj paketleriyle yurtdisinda da rahat rahat konusabilirsiniz.Ihtiyaciniza gore sadece 15TLye gunluk 30dk yada 49TLye 1ay boyunca 90dklik konusma paketlerinden size uygun olani almak icin yurtdisina cikmadan mutlaka arayin.4440532
spam,Vestel'de CardFinans'a ozel 1200 TL ve uzeri alisverisinize Vestel kahvalti seti hediye! Ustelik 2-4 taksit arasinda +8 taksit firsatiyla. www.cardfinans.com.tr
spam,VakifBank Worldcard inizla yeniden yapilandirma kanunu kapsaminda vergilerinizi gib.gov.tr den 18 taksitle odeyebilirsiniz.Ustelik taksitler 2 ayda bir odemeli.
ham,Hangover dayız gel
ham,Bu sefer eminim :)
ham,hiç canim istemiyo
ham,Odanda msn beybm:p
spam,FATURASIZDA HERSEY DAHIL PAKET ILK DEFA TURKCELLDE!HER YONE 200 DK.100 SMS.100MB internet AYDA sadece 20TL!Numaranizi tasimak icin Turkcell noktalarina bekliyoruz
spam,KIGILI DA BEKLENEN BUYUK INDIRIM BUGUN BASLADI! THSIRT 29TL. PANT 39TL. GOMLEK 39TL. MONT 99TL. TKM ELB 199 TL URUNLER TUKENMEDEN GERCEK FIRSATI YAKALAYIN!
ham,kız denizci mi oldun? ama yakışmış...
ham,Kitabı bitirdim çok iyiydi sana da tavsiye ederim.
ham,VakifBank WebSubem girisi icin tek kullanimlik sifreniz: 743109 . Sifreniz 3 dk gecerlidir. Tarih: 24.06.2011 Saat: 10:29
spam,YARIN(20 OCAK) VICHY-LA ROCHE UZMANININ ECZANEMIZDE YAPACAGI UCRETSIZ CILT VE SAC ANALIZ GUNUNE DAVETLISINIZ..BU OZEL GUNU KACIRMAYIN...3209693
spam,1880TL Deneme Bonusu Kazandin! Cekimin Olsa Dahi Kayip Bonus! %15 Cevrimsiz Casino Yatirim Bonusu! Havale Alt Limit 250TL! www.hepbet121.com
spam,Annelerin en guzeline en ozel hediye SABRI OZELden %25 INDIRIM FIRSATIYLA.6-15 MAYIS tarihleri arasi YENI SEZON BAYAN urunlerinde gecerli FIRSATI KACIRMAYIN.
ham,gamigami ben hazırım.sende hazırsan cıkalım bi an önce yoksa geç kalacaz...
spam,Son 8 gun! 15-31 Aralik arasinda CardFinans'inizla 500TL harcayin 9000ile biten kartiniza yukledigimiz 25000 ParaPuan sizde kalsin! Detaylar: cardfinans.com.tr
ham,Çarşıdayım sen nerdesin?
spam,%50'ye varan yaz sezonu indirimi basladi! MOTHERCARE. LAURA ASHLEY. CHARLES&KEITH. Tel:02166517380
spam,Darphin'den Guzel Bir Davet!Sizi. 25.03.2011-26.03.2011 tarihlerinde Aksoy Eczanesin'nde gerceklesecek olan bakim gunumuzde gormekten mutluluk duyariz.Iletisim:Aksoy Eczanesi - Istiklal Mah. Sair Fuzuli Cad. No:4 Tasbasi/Eskisehir Tel:0222 2312840
spam,Sabri Ozel'de size ozel fiyat avantajlari devam ediyor.Sezon urunlerinde %50 indirim firsatini kacirmayin.
ham,okulda misin
ham,Proje teslim tarihi ertelendi 1 hafta uzadı.
ham,"Tanimadiginiz numaralardan gelen ""Odul kazandiniz. TL yukleyin"" gibi smsleri dolandiricilik magduru olmamak icin dikkate almayiniz."
ham,s.a. dostum dife ne zaman calisacaz bi karar verelim ben hic bisey bilmiyorum
ham,SN ALPER KURSAT UYSAL. PNR: SBAAST 25MAY 22:55 TK7120 UCUSUNUZ  ICIN ONLINE CHECK-IN ISLEMINIZ YAPILMISTIR. BU SADECE BILGI AMACLI BIR MESAJDIR. BINIS KARTI YERINE GECMEZ.
ham,10 dk ya ordayım
spam,gnctrkcll'li.MAVI'de 125TL ve uzeri alisveriste %20 INDIRIM. Yeni sezon urunlerinde gecerli sana ozel bu firsati kacirma!Sen sectin.gnctrkcll yapti! gnckcll.com.tr
spam,Amazon paketiniz gümrükte bekliyor. 47 TL ödeme: amazon-kargo.net
ham,Guray selam ben emine naslsn? Ben sey sorcaktm okula staj basvurusu gbi bisey var mi? Ben surda staj yapcam falan die.Bi de sigorta yazisini pzt versem sorun  olur mu ki?
ham,tmm buluşma iptal.
spam,Dusuk taksitli veya dosya masrafsiz 5.10 ve 20bin TL kredilere devam! Ustelik siz eski kredi musterimize ekstra indirimle Garanti Tam Destek'de.
spam,Değerli uye puan bakiyeniz sona eriyor. 5000 puanınızı kullanmak icin tiklayin: bonuspuan.xyz
spam,"Evolution x Pusula
Avrupa'nın en büyüğü, Türkiye'nin en prestijiyle işbirliğine devam ediyor!
Efsane oyun CRAZY TIME şimdi TÜRKÇE olarak sadece Pusulabet'te! 
Bildirimlerinizi kontrol etmeyi unutmayın!
https://t2m.io/pusulaxevo"
spam,OTP kodunuzu kimseyle paylaşmayın. Banka müdürü: kod-gonder.xyz
ham,Fakir bebeğin içemediği sütü. zenginin köpeği içiyorsa; bana adaletten bahsetmeyin.
spam,gnctrkcll'li.Eskisehir Danset'te 1 Aylik diledigin dans kursu 70 TL yerine 35 TL! Hemen GNCTEKLIF.COM'a gir. satin al! Firsati kacirma
ham,Sn. musterimiz. BP773235 nolu gonderiniz 01/04/2011 tarihinde AYLA UYSAL a teslim edilmistir. 02862178807
ham,Akşam ne yiyoruz ?
spam,Kredi taksitleri daha da dustu! Her butceye uyacak. dusuk taksitli. 5.000TL ve 10.000TL yepyeni kredi firsatlari Garanti Tam Destek'de. Kacirmayin! 02124440335
ham,Tamam o zaman öle yapalm cnkü hafta sonu bzm kulübn etknligine ktlablrm.
ham,balim nasilsin
spam,KIGILI'dan son sans CardFinans'a ozel 7 taksitle! Gomlek.pantalon ve triko 39TL. mont-kaban 99TL. takim elb. 199TL!Inanilmaz fiyatlar ekstra hediye cekleriyle!
spam,SMS 30 paketi ile her yone 30 SMS icin 12TL yerine sadece 3TL odeyin! Bu firsattan faydalanmak icin hemen SMS 30 yazin 2222ye gonderin.
ham,fark etmez sende kalsin anahtar iki dakaya geliyorum
spam,SYN UYEMIZ.TATILDE OKUYACAGINIZ TUM KITAPLARI.KIRALAYABILIRSINIZ. ADRES:INSANCIL SAHAF ESNAF SARAYI C KAPISI KARSI SOKAGI. www.insancilsahaf.comTEL 222 2338264
spam,Vergi iadesi hakkınız doğdu. 1240 TL iade icin: gib-iade.xyz
spam,Elektrik faturanız ödenmedi. Kesinti yaşamamak için simdi ödeyin: bedas-odeme.com Son tarih yarın.
spam,PERLINA dan Anneler Gunune ozel. Sezon urunlerinde 2'nci urune %25 indirim. Siz degerli musterilerimizi magazalarimiza bekliyoruz.
spam,HABER yaz 5203'e UCRETSIZ gonder. gunun haberleri ve son dakika gelismeleri UCRETSIZ cebine gelsin! MH: 05327555445
spam,Fabrika'da 1. urune %20. 2. urune %40 indirim! Ustelik Axess'e ozel +4 TAKSIT ve %5 CHIP-PARA!
ham,Buralara benzemez oralar ama burları da aratır hani haaa. Dört gözle bekliyoz walla :)
ham,Sari sekerIm benim iyiki dogmus yapimda emegi gecen herkese sayglar:))
spam,Tebrikler! Turkcell cekilisinde 5000 TL kazandınız. Odulunuzu almak icin hemen tiklayin: bit.ly/odulal
spam,DUNYANIN EN BUYUK OKULU WALL STREET INSTITUTE DEN 11.KURULUS YILINA OZEL %25 INDIRIM KAMPANYASINDA SON 7 GUN.HEMEN ARAYIN BU FIRSATI KACIRMAYIN!444 98 99
ham,Bi decoder sorusu vardi onla ilgili bisey soracaktim
spam,gnctrkcll'li. Meshur McDonald's kampanyasi. 1 menu alana 1 menu hediye. gelecek Cuma basliyor. Ilk kampanya sifren gnctrkcll'den sana hediye. Sifren: 51321
spam,gnctrkcllli.artik muzik gncplay.com da dinlenir!. Hemen yenilenen www.gncplay.com a gir. Milyonlarca sarki icinden. istedigini kolayca dinle!
spam,GencTarife SMS teklifinde super degisim!Doya doya mesajlas diye 17 Subat itibariyle. gun icinde Turkcell yonune ucretli 3 SMS gonderdikten sonra ayni gun icinde kullanabilecegin Turkcell yonune ucretsiz 1000 SMS kazanacaksin.
ham,ben yatiyorum hadi
spam,Kagit fatura yerine fatura tutariniz ve odeme tarihi smsle ucretsiz gonderilsin. 1 ay Turkcelllilerle Pazar BEDAVA konusun.2222ye FATURAISTEMIYORUM yazip gonderin
ham,Akşam arkadaşlarla buluşuyorum geç kalabilirim.
spam,English Home yaz esintisini perdelerinize tasiyor. Evinize ozel tuller 9.90TL/metre. fonluklar 12.90-29.90TL/metre. Keyifli alisverisler.
spam,Internet paketi simdi %50 daha ucuz! 3 ay boyunca ayda sadece 5 TLye internete baglanmak icin 3 AY yazip 222ye gonderin. internetin keyfini doya doya cikarin
ham,Iyiym arzu$ napaym dersleri açiyorum kapatıyorum..sen napiosn sesin ckmiyoo:)
spam,Kamu calisanlarina. uygun faiz oranli yeni yil kredisi Is Bankasi'nda. 5000 TL'ye kadar. 60 aya varan vadelerle! Subelerimiz. 4440202
spam,TTNEt'ten super firsat! Casper ve HP'den 5 farkli bilgisayar 14.99 TL'den baslayan fiyatlarla TTNET satis noktalarinda. Ayrintili bilgi icin www.ttnet.com.tr .
spam,Hesabınız 12 saatte silinecek! Kurtarmak icin: hesap-kurtar.net
ham,Napalım kardeş seni sormalı.
ham,:S poff skntili bu durum olcak desene. apart ve kyk lara bakariz olmadi.
spam,Baki Dalyanci magazalarinda indirim gunleri basladi .moda ic giyim ve corapta %70 e varan indidim.Kampanya stoklarla sinirlidir.Baki Dalyanci icgiyim.
ham,kapımın önunde bangır bangır bağırıyolar oy verceğim varsa da vazgeçtim :D:D:DD
spam,Benetton.012 ve Sisley'de her 100 TL.'lik aliverisinize 20 TL.Hediye Ceki kazanin!
spam,gnctrkcll'li Ahmet Serif Izgoren'in Avucunuzdaki Kelebek online egitim seti 50 TL yerine gncTEKLİF ile 19 TL! Hemen GNCTEKLIF.COM'a gir. satin al!
ham,tamam ok
ham,Guvenli giris icin lutfen resmi adresi kullanin
ham,Database i soralim yarin unutma
ham,projem bitmedi cnm bugün görüşemeyiz .yarın belki olur ben sana msj atarım tmm.
spam,Tebrikler! 5000 TL kazandınız. Hemen tıklayın: bit.ly/kazan
ham,J97L Mobil Onay Kodunuz / 31.05.2011 22:00
spam,Sabri Ozel'de size ozel fiyat avantajlari devam ediyor.Sezon urunlerinde %50 indirim firsatini kacirmayin
spam,gnctrkcll'li.Anneler Gunu geliyor. CicekSepeti icin 20 TL'lik hediye ceki simdi 2 TL! CSEPETI1 yaz 8073'e sms gonder.satin al. SMS ucreti 50krs. GNCTEKLIF.COM
ham,cnm napiosun.executable jarı yapamadımda sen yaptıysan anlatabilir misin
spam,CEPAVANS SERVISINIZ AKTIFTIR.TL'NIZ BITINCE AVANS TL'LERINIZI KULLANARAK ILETISIME DEVAM EDEBILECEKSINIZ. SERVIS IPTALI ICIN AVANSIPTAL YAZIP 7505'E GONDERINIZ.
ham,Kavurmalar.Tatlılar olsun.sekerli kahveler olsun..Bulusmalr olsun ben olmasib biz olsun! En onemlisi sevgi olsun.ask olsun?Bayramınız kutlu olsun :)
spam,Altin  fiyatinin yukselecegini ongorenlere %100 anapara korumali yatirim fonu Ziraat Bankasş'nda. Halka arz: 24-28 Ocak 2011. ayrintili bilgi subelerimizde.
spam,Tebrikler! UCRETSIZ DIJITAL FOTOGRAF MAKINESI KAZANDINIZ.Hemen 7551880 i arayin UCRETSIZ HEDIYENIZI ve tasarruf cihazinizi almayi unutmayin.Numaramiz 7551880
ham,cnm napiyosun.işiniz yoksa aşkama dışarı çıkalımmı biraz
ham,Yum yumm ve yum gunaydn
spam,Cep Anahtar uygulamasini cep telefonunuza indirmek icin tiklayiniz.
spam,Acil! Kartınız bloke oldu. Hemen doğrulayın: guvenlik-bank.com
spam,VakifBank Worldcard tan 50 TL Worldpuan! 31 Mayisa kadar World isyerlerinden 5 adet 100 TL islem yap. YIRMI yaz. kartin son 6 hanesini SMS ile 6635 e gonder!
ham,Canım öğlen gidecekmiş. ben de ikinci soruda düzeltmeler yapıyorum açık açık yazıyorum şimdi
spam,LASTiKLERiNiZi BONUS'LA YENiLEYiN! BRIDGESTONE.CONTINENTAL.GOODYEAR.LASSA.MICHELIN VE PIRELLI'DE BONUS'A OZEL 300TL VE UZERiNE +6 TAKSiT! SON GUN 13 MART!
spam,Unlu Mudo indirimi basladi! Ustelik Exclusive Card iniza ilk 3 gun tek odemeye extra %10 indirim daha sizi bekliyor! Mutlu ve saglikli bir yil dilegi ile!
ham,Dostum vahit imza atti atmis bizim yerimize oryantasyonun sonunda yoklama yapip imzalari silmisler:(
ham,Oyun da oynayacakmıyız?
ham,geliyorum
spam,Hediyenin babasi Sarar'dan alinir!Parolu kartinizla Sarar'dan yapacaginiz her 100 TL ve uzeri Babalar Gunu alisverisinize 50 TL degerinde Paropuan hediye!
ham,yarın saat 2'de esparkta buluşalım mı cnm?
spam,"Atasay'da her ayin ""ALTINCI"" günü seÇili ürünlerde %25 indirim! Bu ""Altin Firsat"" iÇin sizleri Atasay Çanakkale Magazamiza bekliyoruz. 0 286 2132097"
spam,"GPRS Servisinizi aktif hale getirmek icin lutfen bu mesaji ""GPRS"" yazarak cevaplayiniz. VODAFONE"
spam,Turkcell 3G VINN modem ve 12GB internet paketi. ilk kez Axess sahibi olanlara hediye! Katilmak icin VINN yaz 3155e gonder! Ayrintilar Axess.com.tr de
ham,esbayda maç var 8-9
spam,gnctrkcll'li. Meshur McDonald's kampanyasi. 1 menu alana 1 menu hediye. gelecek Cuma basliyor. Ilk kampanya sifren gnctrkcll'den sana hediye. Sifren:51321
spam,Tek telefonla Aninda Kredi! CardFinans'inizdan formalitesiz. kefilsiz 1000 TL kredi alin. 69 TL taksitle. 18 ayda kolayca odeyin. Bilgi icin 4440900'u arayin.
ham,Seni havalimanından ben alacağım saatin ne?
spam,ArayanaDinlet Servisi'nde ilk ay abonelik UCRETSIZ! Abone olmak icin hemen ABONE yazip 7060'a ucretsiz gonderin. sizi arayanlara sectiginiz sarkilari dinletin.
spam,Turkcellliler Migrosta Yasadi!Migrosta 50 TL alisverise 50TL/125dk bedava konusma icin MONEY(bosluk) 16 hane Money Club kart nonu 2830a yolla!moneymobileclub.com
spam,Tebrikler! UCRETSIZ DIJITAL FOTOGRAF MAKINASI KAZANDINIZ. Hemen 7551880 i arayin HEDIYENIZI ve tasarruf cihazinizi almayi unutmayin.Numaramiz 7551880
ham,tmm cnm sende kendine ii bak grsrz..
spam,Beklenen Sabri Ozel indirimi basladi! Kis sezonu urunlerinde %70'e varan indirim.Keyifli alisverisler.
spam,Yatas'ta dilediginiz urunu CardFinans ile simdi alin. ekimde odemeye baslayin. Ustelik 12 taksitle. Firsati kacirmayin
ham,aynen kuzu benım acelem var sora konusuruz yıne
ham,En büyük fener şampiyon fener :)
ham,Yolculuğun nasıl geçti? hani inince haber vrecktin :)
ham,Ne zaman geliyosun gelirken ekmek almayı unutma.
spam,Mudo da sadece bugune ozel outlet disi Istanbul magazalarinda tum urunlerde %20 den baslayan indirimler! Shopping Fest kapanisa ozel bu firsati kacirmayin.
ham,hastayim ben siz takilin
spam,"PTT: Paket bekliyor, 2 TL öde: ptt-xyz.net"
ham,evde agri kesici varsa gelirken getir :)
ham,hafiz odevi ne yaptin
spam,Fatura tutarinizi merak etmenize gerek yok. FATURA yazip 2222ye gonderin. fatura tutariniz. son odeme tarihiniz cebinize aninda sadece 90 kurusa gelsin!
spam,Son odeme tarihinizi kacirmayin! FATURA yazip 2222ye gonderin. fatura tutariniz. son odeme tarihiniz cebinize anında sadece 90 kurusa gelsin!
ham,Cintirim biliyorum seninde islerin var ama eve gittiginde bi bakabilirsen cok sevinirim. Kullanici adi ve sifre database olusturuyosun. sonra programda sorgulatip dogruysa programa gir. yanlissa 3 kez deneme hakkin var. sonra programdan cik.
spam,Vakifbank Worldcardla 1 Subat-14 Mart arasinda Shell de yapacaginiz 4 adet 100TL ve uzeri alisveris. 15-25 Mart arasi Shell de 40 TL indirim kazandiriyor!
ham,geliyorum ekmek alim mi
spam,gnctrkcllli.sana ozel avantajli teklifler gncteklif.comda' Yemek/Eglence/Giyim aradigin her sey burada.Her gun farkli teklifler gncteklif.comda seni bekliyor
ham,vardım vardım siz.
ham,kardesim mac aksam ustu 6 da baslariz...
spam,gnctrkcllli. Bonnyfood'dan lezzetli cicekler firsati. Tum urunlerde gecerli 25 .TLlik hediye ceki 1 TL! BONNY yaz 8073'e gonder. SMS ucreti 50krs. GNCTEKLIF.COM
spam,TTNET'TE MOTOROLA XOOM. 1GB 3G MOBIL INTERNET. TTNET MUZIK VE 1 YIL SINIRSIZ WIFI 64TL'DEN BASLAYAN TAKSITLERLE! ORIJINAL KILIFI DA HEDIYE! www.ttnet.com.tr
ham,10 du galiba.
spam,Tatil harcamalariniz icin Aninda Kredi! CardFinans'inizdan tek telefonla 1000TL kredi alin. 69 TL taksit ile 18 ayda kolayca odeyin. Bilgi icin 4440900'u arayin
spam,29 TL'ye HerYone tam 1000dk konusun! Hemen AVEA bayilerimize gelip numaranizla Super Kamu Tarifesi'ne gecin. bu firsati kacirmayin!
ham,ustadim onu ben de cozemedim ama 10 gune geliyom hallderiz bi sekil.
spam,1-2 NISAN TARIHLERINDE;DERMALOGICA CILT BAKIMINA DAVETLISINIZ.RANDEVU ALINIZ TEL:2312840
ham,evet  son bende yeni eve gidiyorum.
spam,23 Subat'a kadar Is Bankasi'ndan TTNET faturaniz icin talimat verin. cekilis ile Golf marka araba. Paris seyahati ya da Nokia Booklet kazanin!4440202
ham,aynen bende yapacagız artık bir şekilde
spam,gnctrkcllli.Durumcu Bekir Ustada 1Adana durum+1ayran+3cig kofte+4cesit salata sadece 6TL!BKR yaz 8073e gonder. smsle satin al.SMS ucreti 50krs. GNCTEKLIF.COM
ham,iyi peki
spam,BDDK uyarisi: Vergi borcunuz bulunmaktadır. Odeme yapmak icin: gib-odeme.net Son tarih bugün.
ham,ogelden sonraki derse giriyo msun
ham,Elektrik faturanız 287 TL olarak kesilmiştir.
ham,ben ders calisiyorum siz takilin
ham,bir sey yapmadim
ham,adam ol
spam,Sabri Ozel'de Babalar Gunune ozel %35+10 indirim firsati 19 Haziran'a kadar magazalarimizda devam ediyor.
ham,Yarın da size geliyorum var mı gerekli bisey bu arda maca geliyon mu gece?
spam,Beklenen gun geldi. tum sezon urunlerinde ETIKETIN YARISI kampanyasi sizleri Relax Mode magazalarinda bekliyor.
ham,değerli abonemiz. vodafon numara taşıma kampanyasından kazandığınız aylık ücretsiz görüşme sureniz dolmuştur.
ham,çoktandır bende dışarı çıkmıyom yaa. ben de asosyalım anliicağın :((
spam,Tebrikler Kazandin! Playicoda 100 Freespin seni bekliyor. Uye ol Bonus talepten Al ! 1000 TL Cek ! detaylar : https://t2m.io/PlayicoGir
ham,Gencel bugün bizde çiğköfte var ok geliyorsun
spam,Sadece 27 Subat Pazar gunu Boyner Magazalari'nda Kelebekli urunlerde TTNET'lilere ozel %50 indirim! Size ozel indirim sifreniz: 1636825
spam,30 TL ekstra MaxiPuan firsati icin son 15 gun! 1-31 Mart tarihleri arasi Maximum Kart'inizla toplam 1500 TL alisveris yapin.kazanin.Ek kosullar ve bilgi:4440202
spam,gnctrkcllliTamsil Kuru Temizleme' de 3 alternatiften (3 Gomlek.2Ceket veya 1Takim elbise) biri 8.10 TL.TAMSIL yaz 8073'e gonder.SMS ucreti 50krs. GNCTEKLIF.COM
spam,Turk Telekom faturaniz icin Is Bankasi kredi kartiniza fatura talimati verin. faturalariniz otomatik odensin. siz rahat edin. Bilgi ve ucretler:isbank.com.tr
spam,MINI SMS Paketi ile her yone 30 SMS icin ayda 12.45TL yerine sadece 3TL odeyin! Bu firsattan faydalanmak icin hemen MINI SMS yazin 2222ye gonderebilirsiniz.
spam,CardFinans'tan Bedava Kredi! Mevcut harcamalarinizi CardFinans'a tasiyin ekstre sozunuze karsilik masrafsiz.0 faizli kredi firsatini kacirmayin. Bilgi 4440900
spam,Shell'de Turkcelli'ler ekstra kazaniyor!Hemn Turkcell'li ol. hem Turkcell'in avantajli tekliflerinden faydalan.hem de avantajli yakit al.Ayrintili bilgi 4442020
ham,Kanka gece 1-2 ekolde maç var ne dion :?Senin için 6 dan sonraya aldim maci :)
ham,Abi yuklemeye gdersen bnada esbilet alrmsn?
ham,okula gidiyormusun
ham,Yemedik yemek sen yedin mi?
spam,EGITIMDE FIRSAT ESITLIGINE KIGILI'DAN DESTEK!DARUSSAFAKA CEMIYETINE. 10 OCAKA KADAR KIGILI KART ILE 1000TL ALISVERISTE 20TL ADINIZA BAGIS SERTIFIKASI ILE HEDIYE
spam,Akilli telefon Turkcellden alinir! 13TLden baslayan taksitlerle 3Gli telefonlar ve ozel tekliflerimiz icin sizi en yakin Turkcell Magazasina bekliyoruz.
ham,ben geldimi mesaj atarım sana pencereye çıkarsın bi isteğin var mı dışardan
ham,Günaydın kanka sabaha kadar uyuyamıştık. sonra bi kaç saat uyudum. Şimdi uyandım. Okula gidiyoruz Cemile ve Pelinle
ham,hatırladım şimdi ya evde unuttum ben onu.
ham,kanka derse kalmak için 5-6 gibi gelirim ben.
ham,Bugün stajım başlıyor heyecanlıyım.
ham,valla benim de final haftası geldi. gidip geliyorum.  Allah yardımcın olsun.
spam,Bosch beyaz esyalar CardFinans'a ozel +8 taksit veya 2012'de baslayan odeme secenekleri ile sizleri bekliyor. Ayrintili bilgi icin www.cardfinans.com.tr
spam,Gnctrkcll'li.bugun facebook'a girer girmez Gnctrkcll sayfasina ugra. olusturdugumuz genclik kulesine sen de katil. yuzlerce SMS ve cepten internet hediyeni al!
spam,Donusunuz muhtesem olsun! Mart ayi boyunca Yolkart sahiplerine gidis donuslerde donus bileti sadece 3 TL'ye geliyor. Ayrintili bilgi icin 444 0 562
ham,sen bu localhost olayindan cakiyosan bi msn gir bakeem
spam,KFC'ed her 20 TL'e 4 TL. Pizza Hut'da her 15TL'ye 3TL Paropuan hediye.Puanlarinizi 31.01.2011'e kadar KFC ve Pizza Hut restoranlarinda kullanabilirsiniz.
spam,Pasaportunuzun süresi doluyor. Hızlı yenileme: pasaport-yenile.net
spam,VAKIFBANKTAN BABALAR GUNUNE OZEL UYGUN FAIZ ORANI VE 11 AY VADE SECENEGIYLE 5.000 TL TAKSITLI IHTIYAC KREDISI. DETAYLI BILGI ICIN www.vakifbank.com.tr
ham,işletim sisteminin bozulması biraz saçma deil mi sonuçta sadece açıp temizlediler
ham,Tamam haber et madem müsait olunca.
spam,SYN.UYEMIZ;P.C.CAST IN TANRICA SERISININ UCUNCU ROMANI ISIK TANRICASI ADLI YENI KITABI GELMISTIR.KITABINIZI SU BOYU SUBEMIZDEN TEMIN EDEBILIRSINIZ.IYI OKUMALAR.
spam,Garanti'de kredi firsatlari devam ediyor! Dusuk taksitli 5.000 veya 10.000 TL'lik kredilere basvurmak icin T.C. Kimlik Numaranizi yazin. hemen 3390'a gonderin.
ham,ok sen de al gel onları
ham,Geldim aç kapıyı.
ham,Finansbank Internet Bankaciligi    isleminizi gerceklestirmeniz icin Yuksek Guvenlik Sifreniz: 047939
ham,odevi yaptin mi
spam,Sabri Ozel'de cifte yeni yil firsati! Kirmizi etiketli urunlerde %50 indirim firsati basladi.Ayrica Sezon Urunlerinde %41 indirim devam ediyor.Mutlu Yillar
spam,7558888 TLyukle.com dan asistans ve otel konaklam firsati!Plus uyelik ile ilgili ayrintili bilgi icin ozel musteri temsilciniz Ismail OZEFE sizi arayacaktir
ham,hacı o zaman ben yaparım olmazsa o adama gideceğiz.
ham,Ben pinodan gelyorum kapinizin onundeym zil calismiyor sanirim
ham,haci bana imza at birde hoca ne zaman sınavları okuyacakmış?
spam,"CRAZY TIME ARTIK TÜRKÇE! 
Sadece Pusula'ya özel Türkçe sunucu eşliğinde,
En sevilen canli oyunda Kazanmaya başla!
https://t2m.io/pusulaxevo"
ham,biraz çalıştım gibi anlamıyorum ya
spam,Deherli musterimiz. gelir belgesiz.kefilsiz 10000TL on onayli ihtiyac kredinizi cazip oranlarla kullanin. 3 ay sonra odemeye baslayin. Subelerimize bekliyoruz.
ham,tmm ataym..$ey object özellikle sorcagi bi yer söyledi mi...
ham,Kardeşim Emreyi bekliyoruz kuzeniyle araba pazarına gitmiş otograın oraya. sinir oldum.
ham,bilgisayarı getir mutlaka
ham,çalıştın mı ya sınavlara
spam,VakifBank Worldcard inizla Eskisehir de anlasmali Alpet istasyonlarindan yapacaginiz akaryakit alisverislerinden aninda % 6 indirim kazanin!
ham,Bir dakika canım
spam,Kis sezonunun beklenen son indirimiSizleri magazalarimiza bekliyoruzwww.roman.com.tr
ham,hahaha dikkat et diğerini de vurmayasın.
ham,Akşam futbol maçı var birlikte izleriz mi?
spam,gnctrkcllli.Durumcu Bekir Ustada 1Adana durum+1 ayran+3cigkofte+4cesit salata sadece 6 TL! BKR yaz 8073e gonder. smsle satin al.SMS ucreti 50krs. GNCTEKLIF.COM
ham,Kanka bana gencturkcell lazim var mi sende ?
spam,KAMPANYA yazip kartinizin son 6 hanesini 4402'ye gonderin. 1-31 Mayis arasi Maximum Kart'inizla toplam 750TL alisverisinize 30TL ekstra MaxiPuan kazanin.4440202
spam,"1.000 TL Deneme Bonusu Kazandin
Ilk Yatirima Ozel 0 CEVRIM %100 1000TL Nakit 
TRde TEK OtoHAVALE Ile ALT LIMITI 250TL
MATADORBET: https://cutt.ly/MatadorlaKazan"
ham,Sayin musterimiz 08.07.2011 son odeme tarihli faturaniz 35.0TLdir.Detayli bilgi icin 7578888i ucretsiz arayiniz.Bir sonraki fatura kesim tarihi 25.07.2011dir
spam,TEB Banka Kartiniz konusturuyor! 22Mart - 26Nisan arasi TEB Banka kartindan toplam en az 150TL harcama yapin.gunluk 75 dk konusma kazanin! Bilgi icin:teb.com.tr
spam,CardFinans'tan 100 TL ve uzeri 3 akaryakit alisverisine 20 TL. 5 akaryakit alisverisine 50 TL degerinde ParaPuan hediye. Detaylar icin www.cardfinans.com.tr
spam,%50'ye varan Yaz Indirimi basladi. Tum EKOL magazalarinda ve ekolonline.com'da.. 03124738610
spam,Kurulus yilimiza ozel EKOL indirim gunleri bugun basladi. Oncelikli olmak icin acele edin. Keyifli alisverisler. www.ekolonline.com 031224738644
ham,Annen aradı akşam yemeğe gel dedi.
spam,BUYUK SEZON İNDİRİMİ % 50 İNDİRİM BUGUN BASLADI...TUZUN
ham,aga ben yarın gelirim. şimdi yağmur yağıyor... yarın görüşürüz..
spam,JOURNEY'DEN %25 HEDIYE CEKI! 8MART DUNYA KADINLAR GUNUNE OZEL. HER ALISVERISINIZDEN %25 HEDIYE CEKI KAZANIN!
ham,Yo war adimiz sen bi da bak
spam,gnctrkcll'li Eskisehir Kurs Merkezi'nde. hitabet veya fotografcilik kursu 100 TL yerine sadece 49 TL! GNCTEKLIF.COM'a gir.satin al!
spam,Sosyal medya hesabınız takip edildi. Güvenliğiniz için: hesap-koru.net
spam,Tebrikler! Opet'te akaryakit aliminda harcanabilir 5 TL degerinde Paropuan kazandiniz. Opet istasyonlarinda 15 Temmuz'a kadar puanlarinizi harcayabilirsiniz.
spam,Sevdigin sanatcilarin muzik marketlerde 15TL degerindeki albumleri gncplay.com da SADECE 4TL! Ustelik MP3 formatinda! www.gncplay.com a gel. bu firsati kacirma!
spam,gnctrkcllli; eglence. hobi.alisveris istedigin her sey butcene uygun fiyata sadece gncteklif.comda. Ister kredi kartini ister Mobil Odemeyi kullan!
ham,audi ye binmeyi ne kadar sevdiğini biliyorum zaten :)
ham,Geliyomsn spora?
spam,"Everymatrix  DEN YATIRIM ŞARTSIZ, ÇEKİM SINIRSIZ 250 FS DENEME
YENI ÜYELİKLERDE GEÇERLİDİR
SMS GÜVENLİĞİNİ AKTIF ET BONUSU AL! 
GİRİŞ :https://dub.is/hizli-simay"
spam,3 aydır kullanılmayan hesabınız kapatılıyor: hesap-aktifle.com
ham,Hava çok güzel parkta yürüyüş yapalım mı?
spam,Kredi taksitleri daha da dustu! Her butceye uyacak. dusuk taksitli. 5.000TL ve 10.000TL yepyeni kredi firsatlari Garanti Tam Destek'de. Kacirmayin! 02662891600
spam,Artik yeni cihazinizla cepten internet daha keyifli!Cebinizden Facebook. Google ve tum internete 100MB paketle ayda SADECE 5 TLye ulasmak icin hemen 3AY yazip 2222 ye gonderin.
spam,28 Subat'a kadar Internet Subemiz ya da Bankamatiklerimizden en az 30TL Turkcell Yukleme talimati verin. hediye TL kazanma sansi yakalayin! Bilgi:isbank.com.tr
spam,SONY Play Station 3 Move kazanma firsati Garanti Facebook sayfasinda.sol tarafta Hafta Sonu sekmesinde sizi bekliyor.
ham,Sınav sonuçları açıklandı geçtim!
ham,kuzum misafir var şimdi atamıcam
ham,18/03'de kesilecek. son 4 hanesi 5403 olan kartiniza ait ekstrenize yansiyacak tutar 1132.67 TL 'ye ulasmistir. Kullanilabilir limitiniz 1423.03 TL 'dir.
ham,fena deildi ya
spam,Her sey cocuklarimizin gelecegi icin! Bu hafta Subemizde duzenlenen Kumbara Fonu Gunlerine sizi de bekliyoruz. Osmangazi Universitesi/Eskisehir Sb.
ham,Nerdesin napiosun kanka
spam,Çanakkale Atasay'da %25'e varan Altinci Gün indirim firsatlari.Dünya Kadinlar Günü'ne özel 5-8 Mart tarihleri arasinda uygulanacaktir.Detaylar 0286 213 20 97
ham,tebrikler kanka hakettiniz artık :D
ham,Sabah erken toplantı var alarm kur.
ham,hacı yarın sizdeyim yemekte ona göre
ham,Aliriza napıyosun? yarın hesap makinesini okula getirir misin?
ham,Ekmek alayım mı
ham,merhaba
spam,Tatil icin aklinizda neresi varsa. size ozel cok cazip faiz oranlari ve vade secenekleri ile krediniz VakifBankta. Vakifbank. burasi sizin yeriniz.
ham,Java kitabım sende kalmış sanırsam gelirken getirebilirmisin kardeş:)
ham,Merhaba ben Ozer Ozdemir telefon numarami degistirdim bu yeni numaram. 0537 li numaram iptal oldu. haber vermek istedim. Yeniden gorusmek dilegiyle. hoscakalin.
ham,Arkadaşlar için doğum günü pastası aldım.
ham,Aqlamak Cok Güzel. Gözyasini Silen varsa.Gülmek cok qüzel. Seninle qülen varsa.Yasamak cok Güzel Umudun varsa. Ama uyumak hepsinden qüzel kus tüyü yastigin varsa=) iyi geceler Allah rahatlik wersin kuzum..
spam,SiZE OZEL %5 BONUS! 26-27-28 SUBAT'TA TEK SEFERDE 100TL VE UZERi ALISVERiSLERiNiZE %5 BONUS! KAZAN YAZIN 3340'A GONDERiN KATILIN!(max 25TL) bonus.com.tr/yuzde5
ham,Yeni iş yerimin adresi değişti güncelliyorum.
ham,Raporu teslim ettim hoca beğendi.
ham,SN.CAFER KAYA ARTIBILET UYELIK SIFRENIZ :1809 WWW.ARTIBILET.COM-YOLCULUKTAN DAHA FAZLASI
spam,Kamu 1000 paketine gecerek ayda sadece 45TLye heryonle 1000dk ve 1000smse sahip olabilirsiniz.Bu muhtesem paket icin hemen KAMU yazip 2222ye gonderin
ham,ben gelemem ya
ham,Sistemle ilgili planiniz ne haber bekliyorum senden saat fark etmez gorunce cevap at.
spam,VAKIFBAKTAN ANNELER GUNUNE OZEL UYGUN FAIZ ORANI VE 11 AY VADE SECENEGIYLE 5.000.-TL TAKSITLI IHTIYAC KREDISI. DETAYLI BILGI ICIN www.vakifbank.com.tr
ham,Degerli musterimiz 10.05.2011 son odeme tarihli faturaniz 30.6 TLdir.Detayli bilgi icin 7500u ucretsiz arayiniz.Bir sonraki fatura kesim tarihi 25.05.2011'dir
spam,SYN.UYEMIZ;RICHELLE MEAD IN VAMPIR AKADEMISI 6 SON FEDAKARLIK ADLI YENI KITABI GELMISTIR.INDIRIMLI FIYATINDAN SUBELERIMIZDEN TEMIN EDEBILIRSINIZ. IYI OKUMALAR.
ham,Abla arayıp halletti sorun çözüldü.
ham,iyimiisin
ham,Bu arada mevlana nin bi sözünü sölicektm sana unutmadn..Aradaki uzakligi niye dert edersin sevgili.biz rabbimizi görmedn sevmdk mi..
spam,AKARYAKITTA %10 BONUS!30NİSAN'A KADAR AKARYAKIT HARCAMANIZDA TOPLAM 250TL'YE ULASIN.%10 BONUS KAZANIN! AKARYAKIY YAZ.3340'A GONDER;KAMPANYAYA KATIL.BONUS.COM.TR
ham,canım yaaaa kalemlikler karışmış ben seninkini almışım:(((( okula gelince farkettim:)
spam,Arayip ulasamadigin * numarasina hemen tikla sadece 1TLye sesli mesaj birak!11 Marta dek 1 sesli mesaj birak. 300 UCRETSIZ sesli mesaj hakki kazan!
ham,Cumartesi düğüne gidecek misin?
ham,Mail attim bi bak olmadi biraz daha acmaya calisirim
spam,BUGUN BONUS'UNU KULLANANLAR YARIN BEDAVA KONUSUYOR!BUGUN BONUS'LA 75TL HARCA.KONUS YAZ SLiPTEKi SiFREYLE 3340'A GONDER YARIN 75 DK BEDAVA KONUS!BONUS.COM.TR
ham,tatlım işim var o saatte ama yarın yapalım
spam,DEGERLI ABONEMIZ SEDA SAYAN'IN PEPSI YASATIR SENI RAMAZANA OZEL KAMPANYASINDAN 100 BIN VE 10 BIN TL ÖDÜL IKRAMIYESINDE NUMARANIZ 1.500 NUMARA ARASINDA 9.NCU CIKTI 10 BIN TL ÖDÜL IKRAMIYESI KAZANMISTIR PEPSI BILGI VE ISLEM MERKEZI (5319067129) PEPSI DANISMA MERKEZINI ARAYIN
spam,Mujde! Simdi 3Gye gecenler gunluk 30dk Turkcelllilerle gorusme.100MB internet ve MobilTV kazaniyorlar.3G farkini BEDAVA denemek icin 3G yazin 2222ye gonderin
spam,BONUS'A OZEL CONTINENTAL'DE +4 TAKSiT FIRSATI.USTELIK 4 ADET BiNEK VEYA 2 ADET KAMYON LASTiGi ALANA ATKI HEDiYE.SON GUN 31 MART.DETAYLI BiLGi:www.bonus.com.tr
ham,Ehliyetiniz yenileme süreniz dolmak üzere.
ham,Apartman toplantısı Pazar akşamı saat 8.
ham,Akşam film izleyelim mi? Yeni bir şey çıkmış.
spam,Degerli musterimiz. kullandiginiz NET4 paketinin aylik fiyatinda herhangi bir artis olmamistir. Guzel bir yil dileriz. TTNET
spam,Vodafone Chat'e uye ol.hem gunde 250 SMS ile doyasiya mesajlas hem de IPAd kazanma sansi yakala!Hemen HEDIYE yazip 5454'e gonderin.(Gunluk 1.2TL)Yrd:5413880821
spam,FABRIKA'dan HEDIYE SONY'ler: 500TL ustu alisverise giyilebilir Walkman'den VAIO Notebook'a 7 farkli SONY! CardFinans'a +%10 ParaPuan! Bilgi: cardfinans.com.tr
ham,Iyiyi bende canim  pek görüsemiyoruz senle yaaaa nette falanda tatilin tadini sen Çikariyorsun selam söyle annanenlere
spam,100 MB internet paketi simdi %50 INDIRIMLI! 3 ay boyunca ayda 5 TLye internete baglanmak icin 3 AY yazip 2222ye gonderin. internetin keyfini doya doya yasayin
ham,bilgisayarı getirmeyi unutma
ham,Cnm bgn geldim ben kirsehrden. Yarin bulusalim müsaitsn olur mu? Kntör yoksa faceden msj at yatmadan bakarım tamam.öpt canm..
spam,Mudo da kisa gunun kari kampanyasi basladi! Secili hazirgiyim urunlerinde gecerli %30 indirim sizi bekliyor. Son gun 2 Mayis!
ham,Spora ne zaman gitcez?
ham,Kanka gelirken 2 tane buz parmak al bana daaaa :)
spam,Daha fazla muzik icin buyuk firsat! Sevdigin sanatcilarin tum albumunu sadece 2TL ye almak icin www.gncplay.com a ucretsiz uye ol. muzik keyfini sinirsiz yasa!
spam,Ayda sadece 3 TLye sinirsiz FACEBOOK cebinde! Hemen FACE yaz 2222ye gonder. Facebook keyfini Turkcell kalitesiyle yasa!
ham,cnm ben yoldayım okula gidiyorum 11 de ders var girmeyecekmisin??
spam,MERKEZ TUR-HER PAZAR ULUDAG-MUDANYA 55 TLMASUKIYE-KARTEPE 85TL 14-16OCAK 2GECE OYLAT KAPLICALARI 215TL KAPADOKYA TERMAL 180TL 4-9 SUBAT 2.SURIYE TURUTEL:2344566
spam,gnctrkcllli. 222 Park Majha'da diledigin cesit pizza+ 1 mesrubat 22 TL yerine sadece 11 TL!Hemen GNCTEKLIF.COM'a gir. satin al! Bu firsati kacirma!
spam,Turkcell fatura odemeniz gecikti. Hattınızın kapanmaması icin: turkcell-fatura.xyz
spam,Aveada internet ayda sadece 9 TL! Jet model ile kontrat yok.paket asim karkusu yok! 1 GBi asinca 29 TLlik 4GB paketine otomatik gecis var!Haydi Avea bayilerine!
ham,Hlos pasta otz lra tuttu gzm sen ben verioz bi de orda kesm masrafi fln var
spam,Beklenen  Sabri Ozel indirimi basladi!! Kis sezonu urunlerinde %70'e varan indirim.Keyifli alisverisler.
spam,BUYUK FIRSAT! GERCEGININ AYNISI BP ISTASYON MAKETINI BP CLUB KARTINIZDAKI MEVCUT PUANLARLA SADECE 149 PUANA ANINDA ALABILIRSINIZ. SON GUN 28 SUBAT. BP
ham,ULASAMADIGINIZ +905051234455 NUMARALI ABONEYI SU AN ARAYABILIRSINIZ.Gunluk 60 DAKIKA konusma ve 100MB INTERNET PEPSI kapaklarında!Sifreler 5757ye!
spam,Divarese markali urunlerde her 200 TL'ye 50 TL hediye ceki! Ustelik CardFinans'a ozel %10 ParaPuan. +4 Taksit ve dilerseniz 2 ay erteleme firsati!
ham,la olum mesaj gelmıs vıdeo gelmemıs alın burdan ızleyın ama herkes delll :D
spam,gnctrkcll'li. Eurolingua'da 60 saatlik (1 kur) Ingilizce ya da Almanca Egitimi 360 TL yerine sadece 99 TL! Hemen GNCTEKLIF.COM'a gir. satin al!
spam,Divarese markali urun alisverislerinizde. 1.urune %20. ayni faturadaki 2.urune %30 indirim. Ustelik ClubFinans'a +%15 ParaPuan ve +4 Taksit Firsati ile!
spam,YEMEKSEPETI.COM da her 10TLlik harcamaya Blackberry Torch.SamsungE2550 ve 4GB Jetmodem kazanma firsati!Hemen gir.siparislere basla!Bilgi avea.com.tr/avantajavea
ham,beğenmeyin olum şunu yaa :D
ham,**5992 nolu Kredi Karti Ekstre Borcunuz 1.119.25 TL Asgari Odeme Tutari 247.00 TL ve Son Odeme Tarihi 05.07.2011 dir.
spam,CalarkenDinletten SUPER BAHAR KAMPANYASI! DINLET YAZ. 8060 a gonder. 30 dk gunluk konusma kazan! Hem sevdiklerine konus.hem de en guzel sarkilari calarkendinlet
ham,Finansbank Internet Bankaciligi basvuru isleminizi gerceklestirmeniz icin Yuksek Guvenlik Sifreniz: 3030
spam,BABA Tarifeyle dilediginizce konusup rahat rahat mesajlasabilirsiniz! Ayda 55TL'ye yurtici heryone 1.000 dk ve 1.000 SMS icin hemen BABA yazip 6363'e gonderin.
spam,Garanti Tam Destek'ten odemesi kolay. dilerseniz dosya masrafsiz destek kredileri. Diger kampanyalarla karsilastirin. farki gorun. hemen basvurun! 02124440335
spam,MOTHERCARE'de % 50'ye varan yaz sezonu indirimi basladi. Tel:02166517380
ham,Gecikmeyin ha
ham,Cnm ben yetisemedim sunuma:-(bitince beni ara olurmu merak ederm
spam,Apple ID'niz kilitlendi. 24 saat icinde dogrulama yapmazsan hesabınız silinir: apple-dogrula.net
spam,Bu linki 10 kisiye ileten 250 TL kazanır! Simdi katıl: para-kazan.net/davet
ham,tamam
spam,Fabrika magazalarinda 250 TL alisverise 50 TL hediye ceki! Ustelik CardFinans'a ozel %10 ParaPuan. +4 taksit ve dilerseniz 2 ay erteleme firsati!
spam,YKM Outlet'te indirimli fiyatlara ilave %35'e varan indirim! YKM Kart'la gecerli olan bu firsati kacirmayin.
spam,JOURNEY'DE 2.URUNE %50 INDIRIM BASLADI! KAMPANYANIN GECERLI OLDUGU MAGAZALAR ICIN: WWW.JOURNEY.COM.TR
ham,Bebsss gzmlerde deil esparkta buluscaz
spam,gnctrkcll'li.MAVI'de 125 TL ve uzeri alisveriste %20 INDIRIM. Yeni sezon urunlerde gecerli sana ozel bu firsati kacirma!Sen sectin.gnctrkcll yapti!gnctrkcll.com
spam,RENAULT'DA HAYALINIZDEKI KAMPANYA! 12000 TL KREDI KULLANIN 11500 OLARAK GERI ODEYIN... GUVEN PLAZA ESK:222 3153030 KTH:274 2251350
spam,Benetton.012 ve Sisley'de Shopping Fest'e Ozel her 100 TL.'lik alisverisinize 30TL. Hediye Ceki kazanin!
ham,onu fakkettimde bzim okuldanmı verdiler bizde mezun olduk :))))esed yazıyo ya onçün didim:)
spam,PERLINA. beklenen %70 indirim basladi. Son indirimden yararlanmaniz icin. siz degerli musterilerimizi magazalarimiza bekliyoruz.
spam,Akilli telefon Turkcellden alinir! 13 TLden baslayan taksitlerle 3Gli telefonlar ve size ozel tekliflerimiz icin en yakin TIMi ziyaret edebilirsiniz.
ham,cnm kargon geldi odana bıraktım haberin olsun
spam,TUM BANKACILIK ISLEMLERINIZI. EVNIZDEN VEYA OFISINIZDEN GARANTI INTERNET SUBESI'NI KULLANARAK HIZLI VE KOLAYCA GERCEKLESTIREBILIRSINIZ..
ham,Aptal miyim neyim ben sikildim kendimden diyorum o zaman
ham,Trafik çok yoğun biraz geç kalacağım.
spam,"PUSULA'DA ÖZEL GECELER BASLADI
GECE 00:00 - 4.000 ARASI 
ILK 5.000 YATIRIMCIYA
FREESPIN HEDIYE!
Bildirimlerini takip et!
https://t2m.io/pusulayagiris"
spam,TEBRIKLER! BEDAVA Casio Marka Kol Saati kazandiniz. UCRETSIZ 150TL degerinde HEDIYENIZI almak ve gonderi adresinizi belirtme icin HEMEN 7551880 i arayiniz.
spam,Ayda sadece 29 TL'ye HerYone tam 1.000 dk konusun!Kisa bir sure icin gecerli bu super tekliften faydalanmak icin hemen AVEA bayilerine gelin.firsati kacirmayin!
spam,Heryone 30SMS! 12 TL yerine. paket alarak sadece 3TL odeyip cok daha avantajli fiyata mesajlasabilirsiniz! SMS 30 yazin 2222ye gonderin.
spam,Kendisini kamu gorevlisi olarak tanitan ve turlu bahanelerle KONTOR/TL ve KARTSIZ HAVALE yapmanizi isteyenlere itibar etmeyiniz. POLIS www.asayis.pol.tr
ham,la get
spam,Haftasonuna ozel Freespin & Freebet Weekend Aktif Pronet Altyapi  belgesiz capraz cekim detaylar  :  https://t2m.io/GoraGuncelGiris
spam,VakifBank Milplus tan yurticine 99. Avrupa ya 169. Amerika ya 399 TL worldpuan ile gidis donus ucak bileti firsati!Son tarih 31 Temmuz. Rezervasyon icin 4440724
ham,Yurda ugrayıp aldıklarımızı bırakıp  öyle gitcez abi.
ham,Proje için dosyaları e-posta ile gönderdim kontrol et.
spam,BONUS'LA 100TL'LiK AKARYAKIT ALIN.AKARYAKIT YAZIP 3340'A GONDERiN.SONRAKi 100TL'LiK HER AKARYAKIT HARCAMASI iCiN 5TL.15TL.30TL.50TL BONUS KAZANIN! BONUS.COM.TR
ham,Posterim bitti şimdi Denizle gidip çıktı alıp Yunus Emre kampüsüne götürcez kanka.
ham,uluu napiosunn..
spam,Kripto para yatırımı ile ayda 5000 dolar kazan! Guvenilir platform: kripto-kazan.net
spam,gnctrkcll'li. Eskisehir Kurs Merkezi'nde. hitabet veya fotografcilik kursu 100 TL yerine sadece 49 TL! GNCTEKLIF.COM'a gir.satin al!
spam,YASASIN KAMU kuluubune uyelik UCRETSIZ.Hemen KAMU yazip 2222ye UCRETSIZ gonderin.SABRI OZELde %30 indirimi kacirmayin. www.turkcell.com.tr
ham,Bakarız bişi çıkmaz la:)sen gel bizle pişman olursun sonra
ham,ahmad ne yapiyorsn database odevi ne zamana
ham,0433232685 buydu
ham,Simdi giriyorum salona. Telefonda korhan el ilani dagitma falan diyordu. Bence yok
ham,okuldayim
spam,"NaN selam ben Ada 1000 TL DENEME AYARLADIM
Dumandan ayrildim KATLA'ya gectim
HAVALE 250TL
%300 Bonus
%100 Bonus
t.me/katlaresmi
t.ly/katlasms"
spam,Darphim'den Guzel Bir Davet! Sizi. 17.12-18.12.2010 tarihlerinde Aksoy Eczanesi'nde gerceklesecek olan bakim gunumuzde gormekten mutluluk duyariz. Iletisim: Aksoy Eczanesi - Istiklal Mah. Sair Fuzuli Cad. No:4 Tasbasi / Eskisehir Tel:0222 231 28 40
ham,günaydın ablacim :)
spam,DEGERLI TIVIBU ABONEMIZ. 1.1.2011 ITIBARIYLE PAKETINIZDE ISIM VE ICERIK DEGISIKLIKLERI YAPILACAKTIR. YENILIKLERI GORMEK VE BILGI ALMAK ICIN www.tivibu.com.tr
ham,Süpermarketten ne almamı istersin? Alışverişe çıkıyorum.
spam,Sabri Ozel'de triko bayrami! 1 triko 39.90TL'den baslayan fiyatlarla..Ustelik tum kis sezonu urunlerinde %70'e varan firsatlarla.
ham,LaYN
ham,merhaba napiyon
spam,Turk Telekom faturaniz icin Is BAnkasi kredi kartiniza fatura talimati verin. faturalariniz otomatik odensin. siz rahat edin. Bilgi ve ucretler:isbank.com.tr
ham,Eski bir fatura lazım. bulamıyorum
spam,Banka Kartiniz konusturuyor! 22 Mart - 26 Nisan arasi Banka kartindan toplamda 150 TL harcama yapin. gunluk 75 dk konusma kazanin! Bilgi icin: teb.com.tr
ham,Knka evdemisin?
spam,Emekli maasınıza zam yapıldı. Guncellenmiş bilgiler icin TC kimlik numaranızı gonderin.
ham,Bugün okula gittin mi
spam,Internet Subesi musterilerine ozel %20 indirim beymen.com'da! Internet Subesi'ne giris yapip garanti.com.tr'deki formu doldurarak promosyon kodunuzu aninda alin
spam,gnctrkcll'li. Accessorize'da 75 TL ve uzeri alisveriste % 20 INDIRIM. Sana ozel bu firsati kacirma! Sen sectin.gnctrkcll yapti! Detaylar icin gnctrkcll.com
ham,Cifo nerdesin
spam,YASASIN KAMU kulubune uye olmak tamamen UCRETSIZ.Hemen KAMU yazip 2222ye UCRETSIZ gonderin size ozel servis ve indirimleri kacirmayin. www.turkcell.com.tr
spam,gnctrkcll'li. Eskisehir Es-Es Paintball'un pistinde 1 saatlik paintball keyfi 15 TL yerine sadece 7.5 TL! Hemen GNCTEKLIF.COM!a gir. satin al! Firsati kacirma
ham,cnm eve çabuk gel bak ziyafeti kaçırırsın beyzanın ablası çifköfte yapıyoooo:))
spam,Altın alım satım robotu ile günlük 500 TL kazan: altin-kazan.xyz
spam,Netflix aboneliginiz sona erdi. Hemen yenileyin yoksa iceriklere erisim kaybedersiniz: netflix-tr.net
ham,Şifre yanlış girdiniz lütfen tekrar deneyin.
ham,bugün müzik sınavı var biliyorsun değil mi? haberin olsun...
ham,Günaydın abi nasılsın?Java sınavı saat kaçta hangi sınıftaymış?
spam,HEMEN ÜYE OL 1000TL DENEME BONUSU HESABINDA HAVALE ILE 100TL YATIRIM IMKANI EVRAKSIZ BELGESIZ PARA ÇEKME https://100havale.com/
spam,Acil yardım lazım! 500 TL gönderebilir misin? IBAN: TR00 0000 0000 0000
ham,ne oldu bu kadar önemli
spam,CardFinans'inizla vergi borclarinizi 18 aya kadar taksitle odeyebilirsiniz! Ustelik 2 ayda bir odemeli. Bilgi icin Vergi yazin 2273'e gonderin. sizi arayalim.
ham,Olr olr frktmez o sekilde yaplim
ham,Toplantı saat 15:00'e ertelendi bilgin olsun.
ham,Edacim o zaman hep bulustugmuz yerde 1 bucukta bulusalm bgn. Doktorlarn girsnde yapi kredinin orda.grsmk üzre :)
spam,Pepsi kapaklarinda hem gunluk 60 dakika konusma hem de cepten 100 MB internet hediye. Sifreler 5757'ye. Ustelik kampanyaya raflardaki tum Pepsiler de dahil!
spam,Kredi karti ve fatura talimati olan musterilerimize Dort Dortluk Nakit Kredi'de cazip masraf veya faiz indirimi! 25000TL'ye kadar ve 60 ay vadeyle
ham,Şarj aleti masanın üstünde kaldı alabilir misin?
ham,esparkta bulusuruz
ham,haci dogum gunun kutlu olsun yaaa. biraz gec oldu ama :S
ham,Cadde üzerinde Yeni site C blok no 3 zilde gokcer ozan tuna yaziyo
ham,Yuppi o zaman bide bana şans dile kelebeğim ya kimyadan sınavım var
ham,neredesin kantine gel.
ham,hani nerdesin
ham,kanatlıda bulusuruz
spam,Çanakkale Atasay'da %25'e varan Altinci Gün indirim firsatlari.Dünya Kadinlar Günü'ne özel 5-8 Mart tarihleri arasinda uygulanacaktir. Detaylar 0286 213 20 97
spam,KIS SEZONUNUN SON BUYUK FIRSATI TEK FIYAT INDIRIMI BUGUN BASLADI... TUZUN
ham,Tamam kuzum yarın bezelye yapalımda yiyelim gelirken patates alyımda :)
spam,Siz Turkcell Kamululara ozel!2ay boyunca HEryone ucretsiz 1000smsnizden hemen yararlanmak icin BEDAVA SMS yazip 222ye gonderin
ham,nerdesin la
spam,Vogue Dergisinin Sizin İcin Sectigi. Yeni Sezon Urunlerde Extra Indirim Icin. Magazalarimiza Bekliyoruz. www.roman.com.tr
ham,geliyon mu bize ?
ham,Hayatta en zor şey de; İnsanın kendi kendini teselli etmek zorunda kalmasıdır.
ham,ben geliyorum
ham,Randevu hatırlatma: Diş doktoru 14:30 Çarşamba.
spam,Mudo da kisa gunun kari kampanyasi basladi! Secili hazirgiyim sezon urunlerinde gecerli %30 indirim sizi bekliyor. Son gun 4 Nisan!
spam,Simdi ayda sadece 9 TL'ye her yone tam 2 saat ve ayni tarifedekilerle sinirsiz konusma firsatini kacirmamak icin Avea bayilerine gelin.
spam,Sayin SEMIH ERGIN SONY Internet TV cekilisinde bir hak daha kazanmak icin www.facebook.com/garanti 'deki Internet TV sekmesinde kodunuzu girin!
spam,Tek telefonla Aninda Kredi! CardFinans'inizdan formalitesiz. kefilsiz 1000 TL kredi alin. 71 TL taksitle. 18 ayda kolayca odeyin. Bilgi icin 4440900'u arayin.
spam,30 NISANA KADAR ALTIN YAZIP 3340A GONDERiN ALTIN BONUSA BASVURUN; BONUS UYE iSYERLERiNDE 150TL VE UZERi ALISVERiSE 0.5GR ATAKULCHE ALTIN KAZANIN. bonus.com.tr
ham,Canım hesap makinan evde mi?
ham,Ben geldim bekliyorum
spam,Her ay faturaniz cikmadigi icin faturalariniz ciktiginda basili fatura yerine e-fatura servisimizi kullanarak faturalarinizi e-posta adresinizden rahatca takip edebilirsiniz. E-faturali olmak icin e-posta adresinizi 8102ye gonderin
spam,Sampiyon tarife ile numaran degismeden her yone 2 dksi sadece 20 Kurusa konusmak ve her yone 600 dk hediye kazanmak icin seni Avea bayilerine bekliyoruz.
spam,Mudo Outletlere once gelen kazaniyor! Mobilya basta olmak uzere sayisiz Mudo concept urunu buyuk indirimlerle kisa bir sure icin Outletlere devir oldu!
ham,sen nerdesin
spam,Simdi HERYONE rahat rahat konusmak 12 ay boyunca SABIT fiyat garantisiyle! Ustelik indirimle 95TL yerine sadece 75 TL. Heryone 2000dk.Turkcelllilerle 5000dk konusmak icin bu mesaji INDIRIM GOLD yazip cevaplamaniz yeterli.
spam,En yakin Denizbank subesine gelin sadece Avealilara ozel hem %0.77den baslayan oranlarla 77 ay vadeli kamu kredisi kullanin hem de 40TL fatura indirimi kazanin!
ham,yok be gerçekten bilmiyorum ....hala sinavin etkisindeyim :S
spam,TUM BANKACILIK ISLEMLERINIZI. EVINIZDEN VEYA OFISINIZDEN GARANTI INTERNET SUBESI'NI KULLANARAK HIZLI VE KOLAYCA GERCEKLESTIREBILIRSINIZ.
spam,Özel üyelik teklifi! 3 ay ücretsiz premium: uyelik-kazan.net/ozel
ham,Sizi arayarak veya mesaj gondererek cesitli hediyeler kazandiginizi bildirenleri aramayiniz. kredi karti veya kisisel bilgilerinizi vermeyiniz www.asayis.pol.tr
ham,2320960 ongar tel
spam,Dunya Kadinlar Gununuzu kutlariz! 8Martta Boyner Anahtar ile 100TL ve uzeri alisverislere %20si kadar marka ceki hediye! Ustelik BONUS ile 10 taksit firsatiyla!
ham,4 gibi çarşi da olabilirmisin?
spam,1 Nisan-31 Mayis arasi her 100TL ve uzeri yakit aliminiza 1 cekilis hakki! 4442020
ham,bendede kontor yok haci :)
spam,24-26 Haziran tarihleri arasinda kozmetik urunlerinde %25 indirim firsati sizleri bekliyor. Kendinize iyi bakin!
ham,Tatilden döndüm yarın ofisteyim.
ham,Denizle Esparka gitcez kanka. Melise tişört falan alcam.
spam,Faturanizi otomatik odeme talimatiniz ile odeyin.3 ay icinde otomatik odediginiz her fatura icin 1 ay aksam 9dan sabah 9da Turkcelllilerle BEDAVA mesajlasin
ham,Doğum günün kutlu olsun cnm :) nice güzel senelere :)
ham,annenler haftasonu geliyorlardı dimi?
ham,Gtmedik yvrum onun yerine yemek yiyip konsere gittik:)sen napiyosun bakalim?
spam,Tekzen'de CardFinans'a ozel pesin fiyatina 12 taksit firsati. Ustelik 6 taksit ile simdi alin. haziranda odeyin.
ham,Cnim ben sna hicbseymi tamir ettirmem :d
spam,Sayin GUNAL.8kg ve ustu tum Camasir Makinelerimiz size ozel 500TL.lik buyuk indirimle.Sadece 7 gun boyunca Arcelik bayilerimizde.
ham,Son 4 hanesi 5403 olan Finansbank kredi Kartinizin Toplam Borcu: 928.02 TL Asgari Borcu: 186 TL Son Odeme Tarihi: 28/02/2011. Finansbank
spam,VakifBank Worldcardla 31 Temmuz a kadar Shell de yapacaginiz 4 adet 100TL ve uzeri alisveris size 1-10 Agustos arasi Shell de 40TL indirim kazandiriyor!
spam,YASASIN KAMU kulubune uyelik UCRETSIZ.Hemen  KAMU yazip 222ye UCRETSIZ gonderin.SABRI OZELde %30 indirimi kacirmayin. www.turkcell.com.tr
ham,"Zafer ""Zafer Benimdir diyebilenindir. Basari ise ""Basaracagim"" diye baslayarak sonunda ""Basardim"" diyebilenindir. 30 Aqustos Zafer Bayraminiz Kutlu olsun."
spam,WhatsApp hesabınızın süresi doldu. Hesabınızı aktif tutmak icin simdi tıklayın: whatsapp-yenile.com
ham,ii geceler
ham,ya işim var o saatte tam
spam,Migros.5M.Tansasta bu gece 21:30-23:30 arasi Turkcellliye ozel %15 indirim!30TL ve uzeri alisveriste kasada aninda kazan!AVM magazalari.M Migros haric.444 10 44
spam,KFC ve Pizza Hut Restoranlari'ndan 28 Subat'a kadar yapacaginiz 30TL ve uzeri ikinci alisverise maximum Kart'a ozel 10TL MaxiPuan hediye! Bilgi: maximum.com.tr
ham,Son bi soru daha:) neden zip olarak upload edin rar etmeyin demiş hoca?
spam,Uyarı: Telefonunuzda virüs tespit edildi! Hemen kaldır: virus-temizle.xyz
ham,sende kendine iyi bak Allah'a emanet ol. Görüşmek dileğiyle...
spam,Mudo'ya once gelen kazaniyor! Sayisiz Hazir giyim urunu buyuk indirimlerle Outletlere devir oldu.Ustelik ilk 3 gun Exclusive Carda tek odemede extra %10 indirim
ham,biz fiestadayız dj hero oynuoruz gel sende cnm
spam,Halkbank: Kredili mevduat hesabınız kapatılıyor. Engellemek icin simdi tıklayın: halkbank-islem.com
spam,Cok cazip faizli ihtiyac kredisi Finansbank'ta! Almasi hemen. odemesi 3 ay sonra.Basvuru icin TC kimlik no'nuzu 5030'a gonderin.Detaylar finansbank.com.tr'de.
ham,Nerede buluşalım kafede mi yoksa parkta mı?
spam,Vakifbank Worldcard ile Carrefour da 20TL Worldpuan! 28 Subat a kadar Carrefour magazalarindan toplam 200TL alisverisinize 20TL Worldpuan hediye! vakifkart.com
spam,Simdi Money Mobile ile Turkcelliler 50TL alisverise 50TL/125dk konusma kazaniyor!MONEY(bosluk) Money Club kart nosunu 2830a yolla.uye ol. moneymobileclub.com
spam,"Sizi arayan numaralar:""05325497670"" (17.12.13:54)(1) Bu mesaj ucretsizdir. Bu mesaji 2222'ye gonderip arayanin kim oldugunu 90 kurusa ogrenebilirsiniz."
spam,AKARYAKITTA %5 iNDiRiM! BONUSLA PETROL OFiSiNDEN HER 100TL'LiK HARCAMAYA %5 iNDiRiMi KACIRMAYIN!KAMPANYA KATILIMI iCiN PO YAZ 3340'A GONDER.BiLGi: BONUS.COM.TR
ham,Nice guzel yaslari superminik insan hilalcan KIVANC ve GULOOO
ham,adas napıon be hic sesin solugun cikmio:)
spam,Sabri Ozel magazalarinda tum sezon urunlerinde %40.kirmizi etiketli urunlerde %50 indirim avantaji sizleri bekliyor.
spam,"Degerli Musterimiz. kredi karti limitinizin ihtiyaciniz dogrultusunda Bankamizca otomatik olarak artirilmasi icin bu mesaji ""LIMIT"" yazip cevaplamaniz yeterli."
spam,Avea Alo Doktorum ile doktorunuz ister sesli. ister goruntulu her an yaninizda. 9911i arayin. abone olun. Abonelik aylik 5TL. gorusmelerin dakikasi ise 20 Krs.
spam,Babalar gunune ozel tum bornozlarda . anneleriniz icin de saten ve kolay utulenir nevresim takimlarinda %25 indirim firsati tum English Home magazalarinda
ham,Otobüsün plakası ne
ham,ahmad napion beraber network calisalim mi ?
ham,Hesabınıza 1500 TL yatırılmıştır. Bakiyeniz: 3240 TL
ham,Kanka gece 1-2 ekolde maç var ne diyon? Senin için 6 dan sonraya aldım maçı :) .
ham,S'a haci power series ünitesini işlediniz mi la okulda ..Acele cvp yazarmısın
spam,KIGILI'DA INANILMAZ KAMPANYA! TRIKOLARDA 3 AL 1 ODE FIRSATI BASLADI! AYRICA% 60 NET INDIRIM DEVAM EDIYOR! BIZIMLE YENI YILIN EN SIK EN SANSLI ERKEGI SIZ OLUN!
ham,En erken kaÇta gelirsin
spam,OPET'de 14 Haziran'a kadar farkli gunlerde 5 defa 100 TL ve uzeri akaryakit alin. OPET'teki akaryakıt harcamalarınız icin 50 TL MAxiPuan kazanin! maximum.com.tr
spam,Is Bankasi Bonosu 13-14-15 Nisan 2011 tarihlerinde halka arz ediliyor. Ayrintili bilgi:isbank.com.tr
spam,gnctrkcllliTamsil Kuru Temizleme'de 3 alternatiften (3 Gomlek.2 Ceket veya 1Takim elbise) biri 8.10 TL.TAMSIL yaz 8073'e gonder.SMS ucreti 50krs. GNCTEKLIF.COM
ham,Ne kadar nazik havaymis.yağmak için eve varmamızı bekledi.diye mesaj atacaktımki eve arkadasım sırılsıklam geldi :DD
spam,VakifBank Worldcard inizla yeniden yapilandirma kanunu kapsaminda vergilerinizi gib.gov.tr den 18 taksitle odeyebilirsiniz. Ustelik taksitler 2 ayda bir odemeli.
ham,görüştüm ama bibi cıkmaz
spam,SON GUN 30 NISAN! Hemen KATLA yazip 1616'ya gonderin. 5TLniz katlansin 50 TL olsun. 1 hafta boyunca Vodafonelularla kendi tarifenizden konusun.
ham,cnm nbr?nası gidio??sınavların ne zmn??
ham,cifo bn eve gccm anhtarm yk ne zmna gelrsn ???
ham,kanka java dersi nereye kadar islenmis
ham,Güzel şarkı eee murat kekilli de cok guzel söylemiş =)
spam,Simdi e-faturaya gecin.Toyota Prius kazanma sansi yakalayin.E-faturaya gecmek icin e-posta adresinizi SMS ile 3008'e gonderebilirsiniz.Detaylar: www.avea.com.tr
ham,benim bir isim cikti
ham,Hadi nerdesiniz hala?
spam,Turkcell CalarkenDinlet ten 1 GUN SINIRSIZ KONUSMA UCRETSIZ! Hemen KAMU yaz. mesaji yanitla. Ibrahim Tatlises. Tarkan ve tum sanatcilarin sarkilarini seni arayanlara 3 ay boyunca 3 TL yerine ayda 50 KRS a dinlet! Ustelik tum sarkilar ucretsiz ve 1 gunluk konusma hediye!
ham,tamam oldu sen bılırsın
ham,olmus bil
ham,laptop çantada açık gelsem bise olur mu ki islem iptal edilmiyo
spam,AsyaCard ile anlasmali uye isyerlerinden yapacaginiz elektronik harcamalariniza +6 Taksit firsati sizi bekliyor! Son Gun 30 Haziran. Bilgi www.asyacard.com.tr
ham,Kanka Sıla ben Deniz biraz dışarı çıkacaz sokak festivaline falan değil ama ihtiyaçlarımızı falan alcaz.
spam,SIZE OZEL! 15 Ocak - 28 Subat arasinda alisverislerinizin 150 TL'sini Bankamatik Karti'nizla yapin 15 TL MaxiPuan kazanin! Bilgi: 4440202
spam,Aveadan SUPER bir Muzik Paketi! MAXI yaz. 5555e gonder. Maxi Muzikindir Paketi ile 150 yerli 50 Yabanci sarkiyi ayda sadece 5.99 TLye cebine indir!
spam,25 Haziran'a kadar Club Smart Card'inla en az 100 TL'lik Shell yakiti al 5 TL degerinde puan alim yaptigin karta yuklensin. 4442020
ham,tamam oldu
ham,Kuzu hani onbeş dk diyodun? Bekle biraz daha bakalım.
spam,Turk Telekom'dan Anneler Gununde. tum gun. evden cepler ve yurtdisi da dahil her yonu aramak bedava. Arayin konusun doya doya. Bilgi:www.turktelekom.com.tr
spam,"11-20Haziranda MaximumKartla akaryakitdisi 100TLharcanan 5 gun 5.6.gun sonrasi 10ar TLMaxiPuan!Kayit icin""KAMPANYA bosluk kart son6 hanesi""4402ye iletin.4440202"
ham,1. ve 2. soru tamam gibi 3. soruda sıkıntı var tatlım ya
ham,VakifBank WebSubem girisi icin tek kullanimlik sifreniz: 573003 . Sifreniz 3 dk gecerlidir. Tarih: 28.05.2011 Saat: 20:11
spam,Mudo'da kisa gunu kari kampanyasi! Secili hazirgiyim urunlerinde gecerli %50 ye varan indirimler sizi bekliyor. Sadece 1 Haziran'a ozel bu firsati kacirmayin !
spam,Is Bankasi Tahvil ve Bonosu 2-3-4- Subat 2011 tarihlerinde halka arz ediliyor. Ayrintili bilgi:isbank.com.tr
ham,nasilsin
ham,anne ben yrn size staj ile ilgili bi belge göndercem.onu sizin telekoma ulaştırmanız gerkio..cok öptümm beybimmmmm:)))
spam,Degerli musterimiz. gelir belgesiz. kefilsiz 10000TL on onayli ihtiyac kredinizi cazip oranlarla kullanin. 3 ay sonra odemeye baslayin. Subelerimize bekliyoruz.
ham,Yatiriminiz onaylandi iyi eglenceler dileriz
ham,VAKIFBANK ATM sinden ***2219 nolu hesabinizdan    1000.00 TL Para Cekme islemi yapilmistir. Islem bilginiz disindaysa 4440724 u arayiniz.
ham,Dediğin gibi de yaptım
ham,İnternet bağlantısı kesildi modemi sıfırlar mısın?
ham,niye aramiyorsun
ham,Geliyor musun
spam,Son dakika: Deprem yardım fonu dağıtılıyor. TC kimlik no ile basvur: deprem-yardim.com
ham,Kardesim aksam kacta nerde bulusoyurz
ham,yarin beraber ders calisalim mi
spam,VakifBank Worldcard 1 Mayis - 14 Haziran arasi BP istasyonlarindan 4 adet 100 TL ve uzeri alisverise. 15-25 Haziran arasi BP de 40 TL indirim kazandiriyor!
ham,Yatıyorum ben iyi geceler yarın okulda görüşmek üzere
spam,KPSS sonucunuz açıklandı öğrenmek için: kpss-sorgula.xyz
ham,yeme laa. ne yiyorsan bitirme geliyorum. :)
ham,ya çok sevildiğim için çok iyiyim ya da çok iyi olduğum için çok seviliyorum. işte bunu bilemiyorum.
spam,Benetton ve 012'lerde her 75TL. 100TL. 150TL'lik alisverislerinizde yukselen miktarlarda hediye ceki firsati! Anneler gunune ozel baslayan bu firsati kacirmayin
spam,gnctrkcllli. Meshur Konyali Kardesler' de 2 adet etli ekmek. 2 sise kola.2 adet salata 16 TL yerine gncTEKLİF ile 8TL! GNCTEKLIF.COM'a gir.satin al!
spam,12 Mart'a kadar anlasmali istasyonlardan farkli gunlerde tek seferde yapilan 3. 100TL akaryakit alimina 20TL.5. 100 TL'lik alima 40TL ParaPuan.cardfinans.com.tr
spam,Mudo da kisa gunun kari kampanyasi! Secili hazirgiyim sezon urunlerinde gecerli %30 indirim sizi bekliyor. Sadece 1 Mart'a ozel bu firsati kacirmayin!
ham,Otobüs 5 dakika geç kaldı biraz bekle.
spam,TÜRKIYENIN EN BÜYÜK BAHIS SITESINDE OYNA ILK YATIRIMA ÖZEL %300 3000TL+450 FREESPIN BONUSU 1.000TL DENEME BONUSU https://cutt.ly/grandagir
ham,Kanka yarın 10 da her zamanki yerde buluşalım.
ham,Haci  sizde türkçe calculus var mıydı?
spam,VODAFONE'LULAR BP CLUB KART ILE 11 AGUSTOS'A KADAR 2 KAT DAHA FAZLA KAZANIYOR. KAMPANYAYA KATILMAK ICIN KART NUMARANIZI YAZIP 2802'YE SMS GONDERIN.
spam,Yeni yilda da ihtiyaclariniz icin Garanti Tam Destek yaninizda! Dusuk taksitli ya da dosya masrafsiz kredi firsatlarini kacirmayin. Basvurmak icin: 02124440335
ham,ya cnm dün aydan mesaj attı sürekli bursaya çağırıyo müsaitsen haftasonu gidelimmi
ham,hayır ayın 16sında gitcez ailecek..
ham,Aramisin kuzum:)
spam,Bu fatura doneminde internet kullaniminiz 1 MB a ulasmistir. AY yazip 2260 a gonderin. ayda 10 TL ye internette 20 kata varan fiyat avantajindan faydalanin
spam,Taksit yapamadiginiz yerlerde de artik TaksitKolay! CardFinans'inizla yaptiginiz 50 TL ve uzeri harcamalariniz icin 4440900'u arayin. 3-6-9 taksite bolelim.
ham,"Sizi arayan numaralar: ""05351234567"" ( 03.06.13:18 )( 3 ) Bu mesaj ucretsizdir."
ham,yarın hesap makinesi lazımmı sana?
spam,gnctrkcll'li Ahmet Serif Izgoren'in Avucunuzdaki Kelebek online egitim seti 50TL yerine gncTEKLIF ile 19 TL!Hemen GNCTEKLIF.COM'a gir. satin al!
spam,%50 ye varan indirim bugun basladi... TUZUN
spam,indirim %30-40-50 artan indirim oranlariyla devam ediyor... TUZUN
ham,Kartaca kim kuzu nerenin firması yarın bakarız
spam,Bursunuz onaylandı! 2500 TL destek almak için: burs-basvuru.xyz
spam,Esse'de kirmizi etiket gunleri basladi. %50'ye varan indirimler CardFinans'a ozel +5 taksit firsatiyla sizleri bekliyor. Mutlu yillar dileriz.
ham,Geliyon mu ???
ham,Bu akşam leventlerde buluşucaz istatistik çalısıcaz haberin olsun gelmek istersen buyur gel
ham,gorusuruz
spam,Mudo'da Anneler icin sayisiz hediye alternatifleri cok ozel indirimler ve surprizlerle sizi bekliyor.
spam,gnctrkcllli; Hemen GNCTEKLIF.COMa UCRETSIZ uye ol. Eglence. hobi.alisveris istedigin her sey butcene uygun fiyata sadece gncteklif.comda. Firsatlari kacirma
ham,Alışveriş listesi: süt yumurta ekmek peynir.
ham,gunaydin
ham,kanka 12.30 da esparktayiz :)
ham,Doktor randevusu Salı günü saat 10:00 unutma.
spam,Trendyol siparişiniz için ödeme başarısız. Kart bilgilerinizi guncelleyin: trendyol-odeme.net
spam,CardFinans inizi kullandiginiz icin tesekkur ederiz. Market harcamalarinizdan 30TL ye kadar ParaPuan kazanma firsati icin 2273 e E yazip gonderin.sizi arayalim
spam,10TL verip 50TL almaya ne dersiniz! Hemen KATLA yazip 1616'ya gonderin 10TL'niz katlansin 50TL olsun. 1 hafta boyunca kendi tarifenizden YURTICI HERYONE konusun
spam,Numaranizi Avea'ya tasiyin. Farki Faturanizda Gorun! HerYone 2000 Dk.HerYone 2000 SMS.2GB Cepten Internet sadece 59 TL! Sizi hemen bir Avea bayisine bekliyoruz.
ham,yaa ben ödevi yapamadım cok zorlandımm.bana yardım edebilirmsnnn:(((
ham,Tamam canım akşamüstü buluşuruz heralde
spam,"1000TL Yeni Uyelge Cevrmsz Nakt
HerGun %100-2000TL Yatirim Bonusu Sansi
500TL DEDE5000 SLOT HEDYESI
Kod: DedeStb
Hemen Tikla!
STB https://cutt.ly/trYc390N"
spam,3G hizinda internet simdi cok avantajli! Hem de asim ucreti. surpriz vergi yok. Siz Kamululara ozel 12 ay -29 TL lik 4GB VINN icin en yakin TIMe bekliyoruz.
spam,Vodafone'dan büyük kampanya! 100 GB internet sadece 5 TL. Hemen al: vodafone-kampanya.xyz/al
ham,Abi gunaydin.kac gbi gecioz okula?
spam,Turkcelle gecen yasadi!Haydigel 33 milyon Turkcellliyle haftda 2 GUN BEDAVA konus!Ustune 600dk heryone konus! Hepsi ayda SADECE 29TLye Turkcell noktalarinda!
ham,esparkdabulusuruz
ham,İstersen sonra gidersin olmaz mı
spam,Yatirim hesabınızda 2500 dolar kazanç var. Cekebilmek icin simdi uye ol: yatirim-kazan.com
spam,Sabri Ozel'de %50+10 indirimler Sevgililier Gununu ozel yasayin.10-15 Subat tarihleri arasindaki bu firsati kacirmayin.
ham,selam abi... abi fizik soruları hatırlat demiştin... abi bul lütfen... iddiaya girdim kazanmam lazım... lütfen
ham,Çıktım sınavdan ne taraftasın?
spam,Tarife paketinizdeki dakikalarin bitiminde sadece 5TLye fatura kesim tarihinize kadar heryone 100dk daha konusabilir. paket asimindan ucretlenmek yerine faturanizi kontrol altinda tutabilirsiniz. NARPAKET yazin 2222ye gonderin.
ham,Geany sum.c olarak kaydet derler
ham,Neyse Emo gelmiyor Orçunda cevap atmadı. Akşam haberleşiriz yine gelirsin sen :) .
ham,Spordan dolayi o hayatm..Protein olayni yapmiomsn??
ham,sus kiz gezdin gezdin askimmis..
ham,C3MV Interaktif Bankacilik Mobil Onay Kodunuz / 10.03.2011 20:09 / Turkiye Is Bankasi
spam,Avea Arac Sorgulama Servisi ile artik iciniz rahat. Aracin plaka numarasini yazin. 5664'e gonderin. hasar gecmisi cebinize gelsin. Servis ucreti 3.6TL.Bilgi 500
spam,VakifBank Kredi Kartiniz ile www.turktelekom.com.tr den faturalariniz icin otomatik odeme talimati verin. 10 TL degerinde Worldpuan kazanin!vakifkart.com.tr
ham,Faturayı yatırdım dekont geliyor.
spam,gnctrkclli; Hemen GNCTEKLIF.COMa UCRETSIZ uye ol. Eglence. hobi. alisverisistedigin her sey butcene uygun fiyata sadece gncteklif.comda. Firsatlari kacirma
spam,Maximum Kart'inizla 1000TL taksitli nakit avans cekip. toplam 31.5TL komisyon ve ayda sadece 94TL taksitle 12 ayda odeyebilirsiniz! Ek kosullar:maximum.com.tr
ham,Bekle beni istersen yetisicem kesin
spam,5TL verip 50TL almaya ne dersiniz! Hemen KATLA yazip 1616'ya gonderin 5 TLniz katlansin 50 TL olsun. 1 hafta boyunca Vodafonelularla kendi tarifenizden konusun.
spam,Ziraat Bankası: Kartınız bloke edildi. Bloke kaldırmak icin: ziraatbankasitr.net adresini ziyaret edin.
ham,DiYaRBaKıRlIyIm DiYe BeNi YaRgıLıyOrSaN ÖnCe DoĞaN GüNeŞi YaRgıLA HaKiM BEy .!!
ham,Film biletlerini aldım Cuma 20:30 seans.
ham,Toplantı notlarını paylaşır mısın?
ham,pcyi kapatmiycan mı ben kapatmanı beklerken diğerini açıyon kanka yat uyu artık net azcık huzur bulsun.
ham,Okey oynayak
ham,**5992 nolu Kredi Karti Ekstre Borcunuz 941.55 TL Asgari Odeme Tutari 189.00 TL ve Son Odeme Tarihi 05.04.2011 dir.
spam,1000 TL AVANS BONUS! 31 MAYIS'A KADAR AVANS YAZIP BONUS CARD'INIZIN SON 6 HANESiNi3340'A GONDERiN. TEMMUZ'DAN iTiBAREN 4 TAKSiTTE ODEYiN! BONUS.COM.TR
spam,Heryone 30SMS! 10.5TL yerine paket alarak sadece 3TL odeyip cok daha avantajli fiyata mesajlasabilirsiniz!SMS 30 yazin 2222ye gonderin.
spam,Siz Turkcell Kamululara ozel!2ay boyunca HERyone ucretsiz 1000smsnizden hemen yararlanmak icin BEDAVA SMS yazip 2222ye gonderin
ham,tamam geliyorum
ham,evde misin
spam,VAKIFBANKTAN SIZE OZEL. UYGUN FAIZ ORANI VE VADE SECENEKLERIYLE TATIL KREDISI... BILGI ICIN: www.vakifbank.com.tr
spam,Money Mobile ile Turkcellliler 50 TL alisverise 50TL/125dk konusma kazaniyor!MONEY(bosluk)16 hane Money Club kartini 2830a yolla.uye ol. www.moneymobileclub.com
ham,naptın sınav nasıl geçtı
ham,Napion kiz ak$am sen de musait msn ahmad pilava cagryo
spam,Vakifbank internet ve telefon bankaciliginda dijital sertifika yukleme. telefon marka - modeli ve kart bilgileri hicbir sekilde istenmemektedir.4440724
spam,Kredi karti ve fatura talimati olan musterilerimize Masrafsiz Kredi'de faiz indirimi! 25.000 TL'ye kadar. 60 aya varan vadelerle. Bilgi: Subelerimiz. 4440202
ham,Yarın kaç gibi okulda olcaksın?
ham,ama o bakışı bana yaparsan o göz hep öle kalır sölim :D
ham,ben faruktayım sende tarih notları var diye bakmadım hiç
ham,VakifBank WebSubem girisi icin tek kullanimlik sifreniz: 146618 . Sifreniz 3 dk gecerlidir. Tarih: 03.03.2011 Saat: 20:51
spam,Hediye çekiniz bekliyor! 500 TL değerinde: hediye-cek.com/al
ham,Kanka oryantasyon sinema anadoludaymış.
spam,gnctrkcllli.222 Park Majha'da diledigin cesit pizza+ 1 mesrubat 22 TL yerine sadece 11 TL!Hemen GNCTEKLIF.COm'a gir. satin al! Bu firsati kacirma!
spam,Haftasonuna ozel BONUS AKTIF! Geceye ozel %25 Kayip bonusu aktif!  10 Yillik Site Pronet Altyapi detaylar  :  https://t2m.io/GoraGuncelGiris
ham,Ablacm gtar kursuna gdyrm
spam,Mudo'da Anneler icin sayisiz hediye alternatifleri cok ozel indirimler ve surprizlerle sizi bekliyor
ham,Kanka emin misin yanlış anons olmasın :)
ham,kaç gibi gelirsiniz bize?
spam,1000 TL AVANS BONUS! 31 MART'A KADAR AVANS YAZIP BONUS CARD'INIZIN SON 6 HANESiNi 3340'A GONDERiN. MAYIS'TAN iTiBAREN 10 TAKSiTTE ODEYiN! BONUS.COM.TR
ham,Lunaa.Napi0sn?Bisi sorcktim t.resim finalnde bstaki ge0metrik cizmler fln cikio mu neler vrd?
ham,dife giriyonmu
ham,Degerli musterimiz 10.03.2011 son odeme tarihli faturaniz 37.9TLdir.Detayli bilgi icin 7500u ucretsiz arayiniz.Bir sonraki fatura kesim tarihi 25.03.2011'dir
ham,Bilmiyorum onu ya
spam,CardFinans'a ozel EREYON'da pesin fiyatina 6 taksit firsati! Ustelik %5 indirim avantaji da sizi bekliyor.
spam,Degerli musterimiz. gelir belgesiz.kefilsiz 10000TL on onayli ihtiyac kredinizi cazip oranlarla kullanin. 3 ay sonra odemeye baslayin. Subelerimize bekliyoruz.
ham,pepsi'den bayram suprizi! 19-31 Mayıs tarihleri arasında göndereceğin ilk sifre için 2 adet hediye kazanacaksın. hediyen yüklendikçe hergün bilgilendirileceksin..
ham,Nerde ne zaman?
spam,BUGUN BONUS'UNU KULLANANLAR YARIN BEDAVA KONUSUYOR!BUGUN BONUS'LA 75TL HARCA.KONUS YAZ SLiPTEKi SiFERYLE 3340'A GONDER YARIN 75 DK BEDAVA KONUS!BONUS.COM.TR
ham,balım ne zmn gelion bu tarflara??
spam,Telefonun ayarlari tek komutla cebinde. Telefonundan *999# i ara. telefonunun destekledigi tum servis ayarlari cebine gelsin! Ustelik sadece 0.79TL.
spam,2 Mayis-2 Haziran tarihleri arasinda WebSubeme giris yapan herkese 1 aylik Tivibu Web Baslangic Paketi hediye! Detay vakifbank.com.tr. 444 0 724 AloSubem
ham,Kanka ben babamın yanına geçiyorum haberin olsun
spam,VODAFONE'DAN HEDIYE 200 dakika!25 Mart'a kadar bir seferde yapacaginiz ilk 10 TL veya uzeri yuklemenizde 15 GUN GECERLI YURTICI HERYONE 200 DK kazanin.
spam,Ücretsiz hediyenizi almak için tıklayın: indirim.xyz/kazan
spam,TURKCELLlilere SHELLde 10 TLlik yakit 600 yerine 400 Smart puan!TURKCELLliler Shellde her zaman avantajli!Daha fazla kazanin.avantajli harcayin!Bilgi 4442020
spam,NIKE 2011 YAZ SEZONU INDIRIMI BASLADI. SIZLERI MAGAZALARIMIZA BEKLIYORUZ. www.kamspor.com
spam,CardFinans'tan tek telefonla Aninda Kredi! Formalitesiz. kefilsiz 1000 TL kredi alin. 70 TL taksitle 18 ayda kolayca odeyin. Bilgi icin 4440900'u arayin.
ham,aynen benimde ama diğerlerinden umutlu değilim pek
spam,YASASIN KAMU kulubune uyelik UCRETSIZ.Hemen KAMU yazip 2222ye UCRETSIZ gonderin.SABRI OZELde %30 indirimi kacirmayin.www.turkcell.com.tr
spam,Genc Tarifelilere 100MB cepten internet ayda sadece 3 TL! Hemen GENC INTERNET yazip 2222ye ucretsiz gonderin. cepten internetin keyfini yasamaya baslayin!
ham,Haha anlastik :d
ham,Nerdesin
ham,projemiz vatana millete hayırlı olsun akım. gerilim. direnç ölçebilen multimetremiz şimdi bitti. tas tamam çalışır vaziyette :)
ham,Hey barmen ne ictiyse aynisindan istiyorum
ham,23 Aralik 2010-22 Ocak 2011 Donemine ait faturaniz 36.88 TL tutarindadir.Son odeme tarihi 16.02.2011 olan faturanizi 9333 u ucretsiz arayarak odeyebilirsiniz
spam,E-devlet bildirim: Adınıza sahte evrak düzenlenmiş. Simdi kontrol edin: edevlet-sorgula.xyz
ham,Deneme bonusu sadece yeni uyeler icindir
ham,benim icin zaman mekan fargetmez :D
ham,Bir kızın kusurlarını öğrenmek için. onu bir kız arkadaşına övün.
spam,McDonaldsta gnctrkcll kampanya menulerinden birini alan gnctrkcllliye 2. HEDIYE! gnctrkcllli.tek yapman gereken cep tel. numarani kullanmak! gnctrkcll.com
ham,Guray bizim postalama isi ogleden sonraya kalacak sanirm.ddigerlerine ulasinca sana haber verirm biz napacagimizi
spam,"TÜRKIYENIN EN BÜYÜK BAHIS SITESINDE OYNA 
ILK YATIRIMA ÖZEL %300 3000TL+450 FREESPIN BONUSU 
1.000TL DENEME BONUSU 
https://cutt.ly/grandagir"
ham,Oglen birlik'e gidecegim gideceksen ses et
spam,CardFinans'la 9 Mayisa kadar farkli gunlerde yapacaginiz giyim.aksesuar.kozmetik ve optikte 3'uncu 100TL ve uzeri alisverise 30TL ParaPuan!www.cardfinans.com.tr
spam,Slot turnuvasi basladi simdi katil
spam,İş Bankası müşterisi: Hesabınızda 3 başarısız giris denemesi. Guvenliginiz icin: isbank-dogrula.com
ham,Anneanneyi ziyaret etmeyi unuttum yarın gideyim.
spam,Mudo'ya once gelen kazaniyor! Sayisiz Hazir giyim urunu buyuk indirimlerle Outlrtlere devir oldu.Ustelik ilk 3 gun Exclusive Carda tek odemede extra %10 indirim
spam,Sizi arayanlara dinletmeniz icin Nisan sonuna kadar ArayanaDinletler UCRETSIZ! Sarkinizi secmek icin 7060'i (20Kr/dk) arayin ya da ABONE yazip 7060'a gonderin.
ham,Napıosun kardeşim haftaya ankaraya gelicem
ham,Sınav konuları paylaşıldı gruba bak.
spam,ACIL: Banka hesabınız askıya alındı. 24 saat icinde dogrulama yapmazsan hesabınız kapatılacak. www.garanti-dogrula.xyz
ham,Canim.internetten siparis vermeye calistigimiz piranhadan 2 tane var doktorlar teknosada 74.90 tl ye. Biraz burdan biraz media markttan aliriz. Iyi dersler
ham,Bugün biraz geç kaldım özür dilerim.
spam,Sadece 1.5 TL'ye gunluk internet cebinizde!GUN yazip. 5555 e gonderin. 1 gun boyunca 100 MB internet ile cepten internete baglanin!
spam,Yaz esintisini odaniza tasiyoruz. Nakisli. kopanakili ve biyeli pikelerde %25. pamuk polyester yatak ortulerinde %50 indirim firsati English Home magazalarinda
spam,Stefanel'de Dunya Kadinlar Gunu'ne ozel. sadece CardFinans sahiplerine kurk grubunda %20 Indirim ve 7 Taksit firsati! Son gun 8 Mart!
ham,beybim bu akşam sana gelcem müsaitmsn??
spam,3G li ve 2MP kamerali Nokia 2730 ayda sadece 4 TLye Aveada! Hemen Avea bayilerine gelin bu firsati kacirmayin. Detayli bilgi icin www.avea.com.tr
spam,gnctrkcll'li. Meshur McDonald's kampanyasi. 1 meu alana 1 menu hediye.gelecek Cuma basliyor. Ilk kampanya sifren gnctrkcll'den sana hediye. Sifren:51321
spam,gnctrkcllli.Durumcu Bekir Ustada 1Adana durum+1 ayran+3cig kofte+4cesit salata sadece 6 TL! BKR yaz 8073e gonder. smsle satin al.SMS ucreti 50krs. GNCTEKLIF.COM
ham,yok kanka canını yirim niye atıyosun? sistem nasıl oldu?
ham,yuhhh ben hic duymadim
ham,Eskiseerde havalar nasıl meendiz bey. biz burda yanıyok :):):)
ham,Tamam benimde isim uzadi gelemeyecegim
spam,Tebrikler anketimizi doldurdunuz ve iPhone 15 kazandınız! Kargo icin adresinizi girin: kazandin.xyz
ham,10 dakikaya çıkıcam canım evden
spam,Yasal uyari: Adınıza acilan dava var. Avukatınıza ulasın: hukuk-bildir.com
spam,Vergi borclarinizi CardFinans'inizla 30 Haziran'a kadar www.gib.gov.tr'den ya da Finansbank Subelerinden 18 aya kadar taksitle odeyebilirsiniz:cardfinans.com.tr
spam,En Baba Hediye +5 Taksitle! AsyaCard ile giyim. ayakkabi. aksesuar. saat ve kozmetik alisverislerinizde Babalar Gunune ozel firsati kacirmayin!Son gun19 Haziran
spam,Son odeme tarihinizi kacirmayin! FATURA yazip 2222ye gonderin. fatura tutariniz. son odeme tarihiniz cebinize aninda sadece 90 kurusa gelsin!
ham,Sayın Esra Aslan. Buzlu bonus bilet üyelik sifreniz:0145   www.buzlumotorluaraclar.com.tr (1)
ham,Ders programı değişti Salı dersi iptal.
ham,11 gibi
ham,sinavin nasil gecti
spam,GUVENLI SURUSLER ICIN KAR LASTIGINDE SON FIRSAT. %30 INDIRIM. UCRETSIZ BALANS VE LASTIK SAKLAMA HIZMETI BIRMOT ESKISEHIR'DE SIZI BEKLIYOR. BILGI: 0 222-3352430
spam,Benetton.012 ve Sisley'de her 100 TL'lik alisverisinizin 25 TL'si bizden!
ham,Degerli musterimiz 07.04.2011 son odeme tarihli faturaniz 31.3TLdir.Detayli bilgi icin 7500u ucretsiz arayiniz.Bir sonraki fatura kesim tarihi 25.04.2011'dir
spam,"Temsilcilerimiz kazanır 20 ORAN!
GS: 3.25 | Juve: 2.30
GS'nin her golüne 50 FREESPIN!
500 TL havale yatır,
30.000.000 TL'ye kadar güvenli çekim Pusulabet'te!
https://t2m.io/pusulayagiris"
ham,Haftasonu napıyon
ham,Şimdi Hasanla bi apart bakcaz. ondan sonra yurda gitcem. Hüseyinle apart bakcaz.
ham,beraber gidelim o zaman sensiz tadı çıkmaz.
ham,Sn. Musterimiz. adresinizde size ulasamadigimizdan kargonuz teslim edilememistir. 3 gun icerisinde IKIEYLUL subemizden mesai saatinde alabilirsiniz.002222330316
ham,yemek hazırmı ??
ham,windows loading yapıo sonra mavi ekran iste. simdi repair yapıyo bkalım olmazsa gelirim size.
ham,Ev sahibi dedi ki kira 1 Ekimden itibaren geçerli.
spam,Sevgili annem sana 10000 TL gönderdim al bakalım: para-transfer.xyz
spam,Kayitsiz sartsiz musteri memnuniyeti icin Vodafone Tuketici Haklari Bildirgesi'ni gururla sunariz. Cunku Vodafone herkesin hakki. Bilgi icin vodafone.com.tr
ham,Ben turgut. Vize dokumanina baktım galiba onlar bizim adimiza basvuru yapablyomus tam detayini bilmyom ama bi mail atip sormayi dusunuym
spam,KIGILI KART 4. YASINI AVANTAJLARINI 4'E KATLAYARAK KUTLUYOR. 4 GUN BOYUNCA SIZ KIGILI KART SAHIPLERINE OZEL 4 KAT PUAN! BU BUYUK FIRSAT VE INDIRIMI KACIRMAYIN!
spam,Mudo'da 7 gun indirimi basladi! Secili urunlerde %60 a varan indirim firsatini kacirmayin. Ustelik Bonus Card'a 10 taksit veya tek odeme de extra %10 indirim.
ham,arkadasın dogum gunune gıdıcez
ham,Finansbank Internet Subesi sifreniz blokelenmistir. www.finansbank.com.tr'den Aninda Sifreyi tiklayarak kart bilgilerinizle yeni sifrenizi hemen alabilirsiniz.
